"Id","IsDeleted","Name","CreatedDate","CreatedById","LastModifiedDate","LastModifiedById","SystemModstamp","ConnectionReceivedId","ConnectionSentId","LLC_BI__Risk_Grade_Factor__c","LLC_BI__Description__c","LLC_BI__High__c","LLC_BI__Low__c","LLC_BI__Risk_Grade__c","LLC_BI__lookupKey__c","LLC_BI__QV_Index__c"
"a0x6g0000003KI4AAM","","RGC-000005387","2020-01-24T21:56:41.000Z","0056g000003hlBjAAI","2020-01-24T21:56:41.000Z","0056g000003hlBjAAI","","","","a0z6g0000003Q7pAAE","","","2.5","1","",""
"a0x6g0000003KI5AAM","","RGC-000005388","2020-01-24T21:56:41.000Z","0056g000003hlBjAAI","2020-01-24T21:56:41.000Z","0056g000003hlBjAAI","","","","a0z6g0000003Q7pAAE","","2.49","1.75","2","",""
"a0x6g0000003KI6AAM","","RGC-000005389","2020-01-24T21:56:41.000Z","0056g000003hlBjAAI","2020-01-24T21:56:41.000Z","0056g000003hlBjAAI","","","","a0z6g0000003Q7pAAE","","1.74","1.1","3","",""
"a0x6g0000003KI7AAM","","RGC-000005390","2020-01-24T21:56:41.000Z","0056g000003hlBjAAI","2020-01-24T21:56:41.000Z","0056g000003hlBjAAI","","","","a0z6g0000003Q7pAAE","","1.09","1.0","4","",""
"a0x6g0000003KI8AAM","","RGC-000005391","2020-01-24T21:56:41.000Z","0056g000003hlBjAAI","2020-01-24T21:56:41.000Z","0056g000003hlBjAAI","","","","a0z6g0000003Q7pAAE","","0.99","0.75","5","",""
"a0x6g0000003KI9AAM","","RGC-000005392","2020-01-24T21:56:41.000Z","0056g000003hlBjAAI","2020-01-24T21:56:41.000Z","0056g000003hlBjAAI","","","","a0z6g0000003Q7pAAE","","0.74","0.5","6","",""
"a0x6g0000003KIAAA2","","RGC-000005393","2020-01-24T21:56:41.000Z","0056g000003hlBjAAI","2020-01-24T21:56:41.000Z","0056g000003hlBjAAI","","","","a0z6g0000003Q7pAAE","","0.49","","7","",""
"a0x6g0000003KIBAA2","","RGC-000005394","2020-01-24T21:56:41.000Z","0056g000003hlBjAAI","2020-01-24T21:56:41.000Z","0056g000003hlBjAAI","","","","a0z6g0000003Q7qAAE","","","751.0","1","",""
"a0x6g0000003KICAA2","","RGC-000005395","2020-01-24T21:56:41.000Z","0056g000003hlBjAAI","2020-01-24T21:56:41.000Z","0056g000003hlBjAAI","","","","a0z6g0000003Q7qAAE","","750.0","725.0","2","",""
"a0x6g0000003KIDAA2","","RGC-000005396","2020-01-24T21:56:41.000Z","0056g000003hlBjAAI","2020-01-24T21:56:41.000Z","0056g000003hlBjAAI","","","","a0z6g0000003Q7qAAE","","724.0","675.0","3","",""
"a0x6g0000003KIEAA2","","RGC-000005397","2020-01-24T21:56:41.000Z","0056g000003hlBjAAI","2020-01-24T21:56:41.000Z","0056g000003hlBjAAI","","","","a0z6g0000003Q7qAAE","","674.0","650.0","4","",""
"a0x6g0000003KIFAA2","","RGC-000005398","2020-01-24T21:56:41.000Z","0056g000003hlBjAAI","2020-01-24T21:56:41.000Z","0056g000003hlBjAAI","","","","a0z6g0000003Q7qAAE","","649.0","625.0","5","",""
"a0x6g0000003KIGAA2","","RGC-000005399","2020-01-24T21:56:41.000Z","0056g000003hlBjAAI","2020-01-24T21:56:41.000Z","0056g000003hlBjAAI","","","","a0z6g0000003Q7qAAE","","624.0","600.0","6","",""
"a0x6g0000003KIHAA2","","RGC-000005400","2020-01-24T21:56:41.000Z","0056g000003hlBjAAI","2020-01-24T21:56:41.000Z","0056g000003hlBjAAI","","","","a0z6g0000003Q7qAAE","","599.0","","7","",""
"a0x6g0000003KIIAA2","","RGC-000005167","2020-01-24T21:56:41.000Z","0056g000003hlBjAAI","2020-01-24T21:56:41.000Z","0056g000003hlBjAAI","","","","a0z6g0000003Q7YAAU","","","2.5","1","",""
"a0x6g0000003KIJAA2","","RGC-000005168","2020-01-24T21:56:41.000Z","0056g000003hlBjAAI","2020-01-24T21:56:41.000Z","0056g000003hlBjAAI","","","","a0z6g0000003Q7YAAU","","2.49","1.75","2","",""
"a0x6g0000003KIKAA2","","RGC-000005169","2020-01-24T21:56:41.000Z","0056g000003hlBjAAI","2020-01-24T21:56:41.000Z","0056g000003hlBjAAI","","","","a0z6g0000003Q7YAAU","","1.74","1.1","3","",""
"a0x6g0000003KILAA2","","RGC-000005170","2020-01-24T21:56:41.000Z","0056g000003hlBjAAI","2020-01-24T21:56:41.000Z","0056g000003hlBjAAI","","","","a0z6g0000003Q7YAAU","","1.09","1.0","4","",""
"a0x6g0000003KIMAA2","","RGC-000005171","2020-01-24T21:56:41.000Z","0056g000003hlBjAAI","2020-01-24T21:56:41.000Z","0056g000003hlBjAAI","","","","a0z6g0000003Q7YAAU","","0.99","0.75","5","",""
"a0x6g0000003KINAA2","","RGC-000005172","2020-01-24T21:56:41.000Z","0056g000003hlBjAAI","2020-01-24T21:56:41.000Z","0056g000003hlBjAAI","","","","a0z6g0000003Q7YAAU","","0.74","0.5","6","",""
"a0x6g0000003KIOAA2","","RGC-000005173","2020-01-24T21:56:41.000Z","0056g000003hlBjAAI","2020-01-24T21:56:41.000Z","0056g000003hlBjAAI","","","","a0z6g0000003Q7YAAU","","0.49","","7","",""
"a0x6g0000003KIPAA2","","RGC-000005174","2020-01-24T21:56:41.000Z","0056g000003hlBjAAI","2020-01-24T21:56:41.000Z","0056g000003hlBjAAI","","","","a0z6g0000003Q7ZAAU","","","751.0","1","",""
"a0x6g0000003KIQAA2","","RGC-000005175","2020-01-24T21:56:41.000Z","0056g000003hlBjAAI","2020-01-24T21:56:41.000Z","0056g000003hlBjAAI","","","","a0z6g0000003Q7ZAAU","","750.0","725.0","2","",""
"a0x6g0000003KIRAA2","","RGC-000005176","2020-01-24T21:56:41.000Z","0056g000003hlBjAAI","2020-01-24T21:56:41.000Z","0056g000003hlBjAAI","","","","a0z6g0000003Q7ZAAU","","724.0","675.0","3","",""
"a0x6g0000003KISAA2","","RGC-000005177","2020-01-24T21:56:41.000Z","0056g000003hlBjAAI","2020-01-24T21:56:41.000Z","0056g000003hlBjAAI","","","","a0z6g0000003Q7ZAAU","","674.0","650.0","4","",""
"a0x6g0000003KITAA2","","RGC-000005178","2020-01-24T21:56:41.000Z","0056g000003hlBjAAI","2020-01-24T21:56:41.000Z","0056g000003hlBjAAI","","","","a0z6g0000003Q7ZAAU","","649.0","625.0","5","",""
"a0x6g0000003KIUAA2","","RGC-000005179","2020-01-24T21:56:41.000Z","0056g000003hlBjAAI","2020-01-24T21:56:41.000Z","0056g000003hlBjAAI","","","","a0z6g0000003Q7ZAAU","","624.0","600.0","6","",""
"a0x6g0000003KIVAA2","","RGC-000005180","2020-01-24T21:56:41.000Z","0056g000003hlBjAAI","2020-01-24T21:56:41.000Z","0056g000003hlBjAAI","","","","a0z6g0000003Q7ZAAU","","599.0","","7","",""
"a0x6g0000003KIWAA2","","RGC-000005181","2020-01-24T21:56:41.000Z","0056g000003hlBjAAI","2020-01-24T21:56:41.000Z","0056g000003hlBjAAI","","","","a0z6g0000003Q7aAAE","","","11.0","1","",""
"a0x6g0000003KIXAA2","","RGC-000005182","2020-01-24T21:56:41.000Z","0056g000003hlBjAAI","2020-01-24T21:56:41.000Z","0056g000003hlBjAAI","","","","a0z6g0000003Q7aAAE","","10.0","9.0","2","",""
"a0x6g0000003KIYAA2","","RGC-000005183","2020-01-24T21:56:41.000Z","0056g000003hlBjAAI","2020-01-24T21:56:41.000Z","0056g000003hlBjAAI","","","","a0z6g0000003Q7aAAE","","8.0","7.0","3","",""
"a0x6g0000003KIZAA2","","RGC-000005184","2020-01-24T21:56:41.000Z","0056g000003hlBjAAI","2020-01-24T21:56:41.000Z","0056g000003hlBjAAI","","","","a0z6g0000003Q7aAAE","","6.0","5.0","4","",""
"a0x6g0000003KIaAAM","","RGC-000005185","2020-01-24T21:56:41.000Z","0056g000003hlBjAAI","2020-01-24T21:56:41.000Z","0056g000003hlBjAAI","","","","a0z6g0000003Q7aAAE","","4.0","3.0","5","",""
"a0x6g0000003KIbAAM","","RGC-000005186","2020-01-24T21:56:41.000Z","0056g000003hlBjAAI","2020-01-24T21:56:41.000Z","0056g000003hlBjAAI","","","","a0z6g0000003Q7aAAE","","2.0","1.0","6","",""
"a0x6g0000003KIcAAM","","RGC-000005187","2020-01-24T21:56:41.000Z","0056g000003hlBjAAI","2020-01-24T21:56:41.000Z","0056g000003hlBjAAI","","","","a0z6g0000003Q7aAAE","","0.0","","7","",""
"a0x6g0000003KIdAAM","","RGC-000005188","2020-01-24T21:56:41.000Z","0056g000003hlBjAAI","2020-01-24T21:56:41.000Z","0056g000003hlBjAAI","","","","a0z6g0000003Q7bAAE","Very Good","","","1","",""
"a0x6g0000003KIeAAM","","RGC-000005189","2020-01-24T21:56:41.000Z","0056g000003hlBjAAI","2020-01-24T21:56:41.000Z","0056g000003hlBjAAI","","","","a0z6g0000003Q7bAAE","Good","","","2","",""
"a0x6g0000003KIfAAM","","RGC-000005190","2020-01-24T21:56:41.000Z","0056g000003hlBjAAI","2020-01-24T21:56:41.000Z","0056g000003hlBjAAI","","","","a0z6g0000003Q7bAAE","Average","","","3","",""
"a0x6g0000003KIgAAM","","RGC-000005191","2020-01-24T21:56:41.000Z","0056g000003hlBjAAI","2020-01-24T21:56:41.000Z","0056g000003hlBjAAI","","","","a0z6g0000003Q7bAAE","Poor","","","4","",""
"a0x6g0000003KIhAAM","","RGC-000005192","2020-01-24T21:56:41.000Z","0056g000003hlBjAAI","2020-01-24T21:56:41.000Z","0056g000003hlBjAAI","","","","a0z6g0000003Q7bAAE","Very Poor","","","5","",""
"a0x6g0000003KIiAAM","","RGC-000005193","2020-01-24T21:56:41.000Z","0056g000003hlBjAAI","2020-01-24T21:56:41.000Z","0056g000003hlBjAAI","","","","a0z6g0000003Q7bAAE","Exception","","","6","",""
"a0x6g0000003KIjAAM","","RGC-000005194","2020-01-24T21:56:41.000Z","0056g000003hlBjAAI","2020-01-24T21:56:41.000Z","0056g000003hlBjAAI","","","","a0z6g0000003Q7bAAE","N/A","","","7","",""
"a0x6g0000003KIkAAM","","RGC-000005195","2020-01-24T21:56:41.000Z","0056g000003hlBjAAI","2020-01-24T21:56:41.000Z","0056g000003hlBjAAI","","","","a0z6g0000003Q7cAAE","","","751.0","1","",""
"a0x6g0000003KIlAAM","","RGC-000005196","2020-01-24T21:56:41.000Z","0056g000003hlBjAAI","2020-01-24T21:56:41.000Z","0056g000003hlBjAAI","","","","a0z6g0000003Q7cAAE","","750.0","725.0","2","",""
"a0x6g0000003KImAAM","","RGC-000005197","2020-01-24T21:56:41.000Z","0056g000003hlBjAAI","2020-01-24T21:56:41.000Z","0056g000003hlBjAAI","","","","a0z6g0000003Q7cAAE","","724.0","675.0","3","",""
"a0x6g0000003KInAAM","","RGC-000005198","2020-01-24T21:56:41.000Z","0056g000003hlBjAAI","2020-01-24T21:56:41.000Z","0056g000003hlBjAAI","","","","a0z6g0000003Q7cAAE","","674.0","650.0","4","",""
"a0x6g0000003KIoAAM","","RGC-000005199","2020-01-24T21:56:41.000Z","0056g000003hlBjAAI","2020-01-24T21:56:41.000Z","0056g000003hlBjAAI","","","","a0z6g0000003Q7cAAE","","649.0","625.0","5","",""
"a0x6g0000003KIpAAM","","RGC-000005200","2020-01-24T21:56:41.000Z","0056g000003hlBjAAI","2020-01-24T21:56:41.000Z","0056g000003hlBjAAI","","","","a0z6g0000003Q7cAAE","","624.0","600.0","6","",""
"a0x6g0000003KIqAAM","","RGC-000005201","2020-01-24T21:56:41.000Z","0056g000003hlBjAAI","2020-01-24T21:56:41.000Z","0056g000003hlBjAAI","","","","a0z6g0000003Q7cAAE","","599.0","","7","",""
"a0x6g0000003KIrAAM","","RGC-000005202","2020-01-24T21:56:41.000Z","0056g000003hlBjAAI","2020-01-24T21:56:41.000Z","0056g000003hlBjAAI","","","","a0z6g0000003Q7dAAE","","","2.5","1","",""
"a0x6g0000003KIsAAM","","RGC-000005203","2020-01-24T21:56:41.000Z","0056g000003hlBjAAI","2020-01-24T21:56:41.000Z","0056g000003hlBjAAI","","","","a0z6g0000003Q7dAAE","","2.49","1.75","2","",""
"a0x6g0000003KItAAM","","RGC-000005204","2020-01-24T21:56:41.000Z","0056g000003hlBjAAI","2020-01-24T21:56:41.000Z","0056g000003hlBjAAI","","","","a0z6g0000003Q7dAAE","","1.74","1.1","3","",""
"a0x6g0000003KIuAAM","","RGC-000005205","2020-01-24T21:56:41.000Z","0056g000003hlBjAAI","2020-01-24T21:56:41.000Z","0056g000003hlBjAAI","","","","a0z6g0000003Q7dAAE","","1.09","1.0","4","",""
"a0x6g0000003KIvAAM","","RGC-000005206","2020-01-24T21:56:41.000Z","0056g000003hlBjAAI","2020-01-24T21:56:41.000Z","0056g000003hlBjAAI","","","","a0z6g0000003Q7dAAE","","0.99","0.75","5","",""
"a0x6g0000003KIwAAM","","RGC-000005207","2020-01-24T21:56:41.000Z","0056g000003hlBjAAI","2020-01-24T21:56:41.000Z","0056g000003hlBjAAI","","","","a0z6g0000003Q7dAAE","","0.74","0.5","6","",""
"a0x6g0000003KIxAAM","","RGC-000005208","2020-01-24T21:56:41.000Z","0056g000003hlBjAAI","2020-01-24T21:56:41.000Z","0056g000003hlBjAAI","","","","a0z6g0000003Q7dAAE","","0.49","","7","",""
"a0x6g0000003KIyAAM","","RGC-000005209","2020-01-24T21:56:41.000Z","0056g000003hlBjAAI","2020-01-24T21:56:41.000Z","0056g000003hlBjAAI","","","","a0z6g0000003Q7eAAE","Inventory Supply Decline","","","2","",""
"a0x6g0000003KIzAAM","","RGC-000005210","2020-01-24T21:56:41.000Z","0056g000003hlBjAAI","2020-01-24T21:56:41.000Z","0056g000003hlBjAAI","","","","a0z6g0000003Q7eAAE","Inventory Supply Stable","","","4","",""
"a0x6g0000003KJ0AAM","","RGC-000005211","2020-01-24T21:56:41.000Z","0056g000003hlBjAAI","2020-01-24T21:56:41.000Z","0056g000003hlBjAAI","","","","a0z6g0000003Q7eAAE","Abundant Inventory","","","7","",""
"a0x6g0000003KJ1AAM","","RGC-000005212","2020-01-24T21:56:41.000Z","0056g000003hlBjAAI","2020-01-24T21:56:41.000Z","0056g000003hlBjAAI","","","","a0z6g0000003Q7fAAE","","10.0","0.0","1","",""
"a0x6g0000003KJ2AAM","","RGC-000005213","2020-01-24T21:56:41.000Z","0056g000003hlBjAAI","2020-01-24T21:56:41.000Z","0056g000003hlBjAAI","","","","a0z6g0000003Q7fAAE","","20.0","10.01","2","",""
"a0x6g0000003KJ3AAM","","RGC-000005214","2020-01-24T21:56:41.000Z","0056g000003hlBjAAI","2020-01-24T21:56:41.000Z","0056g000003hlBjAAI","","","","a0z6g0000003Q7fAAE","","50.0","30.01","4","",""
"a0x6g0000003KJ4AAM","","RGC-000005215","2020-01-24T21:56:41.000Z","0056g000003hlBjAAI","2020-01-24T21:56:41.000Z","0056g000003hlBjAAI","","","","a0z6g0000003Q7fAAE","","70.0","50.01","5","",""
"a0x6g0000003KJ5AAM","","RGC-000005216","2020-01-24T21:56:41.000Z","0056g000003hlBjAAI","2020-01-24T21:56:41.000Z","0056g000003hlBjAAI","","","","a0z6g0000003Q7fAAE","","80.0","70.01","6","",""
"a0x6g0000003KJ6AAM","","RGC-000005217","2020-01-24T21:56:41.000Z","0056g000003hlBjAAI","2020-01-24T21:56:41.000Z","0056g000003hlBjAAI","","","","a0z6g0000003Q7fAAE","","100.0","80.01","7","",""
"a0x6g0000003KJ7AAM","","RGC-000005218","2020-01-24T21:56:41.000Z","0056g000003hlBjAAI","2020-01-24T21:56:41.000Z","0056g000003hlBjAAI","","","","a0z6g0000003Q7gAAE","","","2.5","1","",""
"a0x6g0000003KJ8AAM","","RGC-000005219","2020-01-24T21:56:41.000Z","0056g000003hlBjAAI","2020-01-24T21:56:41.000Z","0056g000003hlBjAAI","","","","a0z6g0000003Q7gAAE","","2.79","1.75","2","",""
"a0x6g0000003KJ9AAM","","RGC-000005220","2020-01-24T21:56:41.000Z","0056g000003hlBjAAI","2020-01-24T21:56:41.000Z","0056g000003hlBjAAI","","","","a0z6g0000003Q7gAAE","","1.74","1.25","3","",""
"a0x6g0000003KJAAA2","","RGC-000005221","2020-01-24T21:56:41.000Z","0056g000003hlBjAAI","2020-01-24T21:56:41.000Z","0056g000003hlBjAAI","","","","a0z6g0000003Q7gAAE","","1.24","1.1","4","",""
"a0x6g0000003KJBAA2","","RGC-000005222","2020-01-24T21:56:41.000Z","0056g000003hlBjAAI","2020-01-24T21:56:41.000Z","0056g000003hlBjAAI","","","","a0z6g0000003Q7gAAE","","1.09","1.0","5","",""
"a0x6g0000003KJCAA2","","RGC-000005223","2020-01-24T21:56:41.000Z","0056g000003hlBjAAI","2020-01-24T21:56:41.000Z","0056g000003hlBjAAI","","","","a0z6g0000003Q7gAAE","","0.99","0.75","6","",""
"a0x6g0000003KJDAA2","","RGC-000005224","2020-01-24T21:56:41.000Z","0056g000003hlBjAAI","2020-01-24T21:56:41.000Z","0056g000003hlBjAAI","","","","a0z6g0000003Q7gAAE","","0.74","","7","",""
"a0x6g0000003KJEAA2","","RGC-000005287","2020-01-24T21:56:41.000Z","0056g000003hlBjAAI","2020-01-24T21:56:41.000Z","0056g000003hlBjAAI","","","","a0z6g0000003Q7nAAE","","","2.5","1","",""
"a0x6g0000003KJFAA2","","RGC-000005288","2020-01-24T21:56:41.000Z","0056g000003hlBjAAI","2020-01-24T21:56:41.000Z","0056g000003hlBjAAI","","","","a0z6g0000003Q7nAAE","","2.49","1.75","2","",""
"a0x6g0000003KJGAA2","","RGC-000005289","2020-01-24T21:56:41.000Z","0056g000003hlBjAAI","2020-01-24T21:56:41.000Z","0056g000003hlBjAAI","","","","a0z6g0000003Q7nAAE","","1.74","1.1","3","",""
"a0x6g0000003KJHAA2","","RGC-000005290","2020-01-24T21:56:41.000Z","0056g000003hlBjAAI","2020-01-24T21:56:41.000Z","0056g000003hlBjAAI","","","","a0z6g0000003Q7nAAE","","1.09","1.0","4","",""
"a0x6g0000003KJIAA2","","RGC-000005291","2020-01-24T21:56:41.000Z","0056g000003hlBjAAI","2020-01-24T21:56:41.000Z","0056g000003hlBjAAI","","","","a0z6g0000003Q7nAAE","","0.99","0.75","5","",""
"a0x6g0000003KJJAA2","","RGC-000005292","2020-01-24T21:56:41.000Z","0056g000003hlBjAAI","2020-01-24T21:56:41.000Z","0056g000003hlBjAAI","","","","a0z6g0000003Q7nAAE","","0.74","0.5","6","",""
"a0x6g0000003KJKAA2","","RGC-000005293","2020-01-24T21:56:41.000Z","0056g000003hlBjAAI","2020-01-24T21:56:41.000Z","0056g000003hlBjAAI","","","","a0z6g0000003Q7nAAE","","0.49","","7","",""
"a0x6g0000003KJLAA2","","RGC-000005294","2020-01-24T21:56:41.000Z","0056g000003hlBjAAI","2020-01-24T21:56:41.000Z","0056g000003hlBjAAI","","","","a0z6g0000003Q7oAAE","","","751.0","1","",""
"a0x6g0000003KJMAA2","","RGC-000005295","2020-01-24T21:56:41.000Z","0056g000003hlBjAAI","2020-01-24T21:56:41.000Z","0056g000003hlBjAAI","","","","a0z6g0000003Q7oAAE","","750.0","725.0","2","",""
"a0x6g0000003KJNAA2","","RGC-000005296","2020-01-24T21:56:41.000Z","0056g000003hlBjAAI","2020-01-24T21:56:41.000Z","0056g000003hlBjAAI","","","","a0z6g0000003Q7oAAE","","724.0","675.0","3","",""
"a0x6g0000003KJOAA2","","RGC-000005297","2020-01-24T21:56:41.000Z","0056g000003hlBjAAI","2020-01-24T21:56:41.000Z","0056g000003hlBjAAI","","","","a0z6g0000003Q7oAAE","","674.0","650.0","4","",""
"a0x6g0000003KJPAA2","","RGC-000005298","2020-01-24T21:56:41.000Z","0056g000003hlBjAAI","2020-01-24T21:56:41.000Z","0056g000003hlBjAAI","","","","a0z6g0000003Q7oAAE","","649.0","625.0","5","",""
"a0x6g0000003KJQAA2","","RGC-000005299","2020-01-24T21:56:41.000Z","0056g000003hlBjAAI","2020-01-24T21:56:41.000Z","0056g000003hlBjAAI","","","","a0z6g0000003Q7oAAE","","624.0","600.0","6","",""
"a0x6g0000003KJRAA2","","RGC-000005300","2020-01-24T21:56:41.000Z","0056g000003hlBjAAI","2020-01-24T21:56:41.000Z","0056g000003hlBjAAI","","","","a0z6g0000003Q7oAAE","","599.0","","7","",""
"a0x6g0000003KJSAA2","","RGC-000005301","2020-01-24T21:56:41.000Z","0056g000003hlBjAAI","2020-01-24T21:56:41.000Z","0056g000003hlBjAAI","","","","a0z6g0000003Q7hAAE","","","2.5","1","",""
"a0x6g0000003KJTAA2","","RGC-000005302","2020-01-24T21:56:41.000Z","0056g000003hlBjAAI","2020-01-24T21:56:41.000Z","0056g000003hlBjAAI","","","","a0z6g0000003Q7hAAE","","2.49","1.75","2","",""
"a0x6g0000003KJUAA2","","RGC-000005303","2020-01-24T21:56:41.000Z","0056g000003hlBjAAI","2020-01-24T21:56:41.000Z","0056g000003hlBjAAI","","","","a0z6g0000003Q7hAAE","","1.74","1.1","3","",""
"a0x6g0000003KJVAA2","","RGC-000005304","2020-01-24T21:56:41.000Z","0056g000003hlBjAAI","2020-01-24T21:56:41.000Z","0056g000003hlBjAAI","","","","a0z6g0000003Q7hAAE","","1.09","1.0","4","",""
"a0x6g0000003KJWAA2","","RGC-000005305","2020-01-24T21:56:41.000Z","0056g000003hlBjAAI","2020-01-24T21:56:41.000Z","0056g000003hlBjAAI","","","","a0z6g0000003Q7hAAE","","0.99","0.75","5","",""
"a0x6g0000003KJXAA2","","RGC-000005306","2020-01-24T21:56:41.000Z","0056g000003hlBjAAI","2020-01-24T21:56:41.000Z","0056g000003hlBjAAI","","","","a0z6g0000003Q7hAAE","","0.74","0.5","6","",""
"a0x6g0000003KJYAA2","","RGC-000005307","2020-01-24T21:56:41.000Z","0056g000003hlBjAAI","2020-01-24T21:56:41.000Z","0056g000003hlBjAAI","","","","a0z6g0000003Q7hAAE","","0.49","","7","",""
"a0x6g0000003KJZAA2","","RGC-000005308","2020-01-24T21:56:41.000Z","0056g000003hlBjAAI","2020-01-24T21:56:41.000Z","0056g000003hlBjAAI","","","","a0z6g0000003Q7iAAE","","","751.0","1","",""
"a0x6g0000003KJaAAM","","RGC-000005309","2020-01-24T21:56:41.000Z","0056g000003hlBjAAI","2020-01-24T21:56:41.000Z","0056g000003hlBjAAI","","","","a0z6g0000003Q7iAAE","","750.0","725.0","2","",""
"a0x6g0000003KJbAAM","","RGC-000005310","2020-01-24T21:56:41.000Z","0056g000003hlBjAAI","2020-01-24T21:56:41.000Z","0056g000003hlBjAAI","","","","a0z6g0000003Q7iAAE","","724.0","675.0","3","",""
"a0x6g0000003KJcAAM","","RGC-000005311","2020-01-24T21:56:41.000Z","0056g000003hlBjAAI","2020-01-24T21:56:41.000Z","0056g000003hlBjAAI","","","","a0z6g0000003Q7iAAE","","674.0","650.0","4","",""
"a0x6g0000003KJdAAM","","RGC-000005312","2020-01-24T21:56:41.000Z","0056g000003hlBjAAI","2020-01-24T21:56:41.000Z","0056g000003hlBjAAI","","","","a0z6g0000003Q7iAAE","","649.0","625.0","5","",""
"a0x6g0000003KJeAAM","","RGC-000005313","2020-01-24T21:56:41.000Z","0056g000003hlBjAAI","2020-01-24T21:56:41.000Z","0056g000003hlBjAAI","","","","a0z6g0000003Q7iAAE","","624.0","600.0","6","",""
"a0x6g0000003KJfAAM","","RGC-000005314","2020-01-24T21:56:41.000Z","0056g000003hlBjAAI","2020-01-24T21:56:41.000Z","0056g000003hlBjAAI","","","","a0z6g0000003Q7iAAE","","599.0","","7","",""
"a0x6g0000003KJgAAM","","RGC-000005315","2020-01-24T21:56:41.000Z","0056g000003hlBjAAI","2020-01-24T21:56:41.000Z","0056g000003hlBjAAI","","","","a0z6g0000003Q7jAAE","","","2.5","1","",""
"a0x6g0000003KJhAAM","","RGC-000005316","2020-01-24T21:56:41.000Z","0056g000003hlBjAAI","2020-01-24T21:56:41.000Z","0056g000003hlBjAAI","","","","a0z6g0000003Q7jAAE","","2.49","1.75","2","",""
"a0x6g0000003KJiAAM","","RGC-000005317","2020-01-24T21:56:41.000Z","0056g000003hlBjAAI","2020-01-24T21:56:41.000Z","0056g000003hlBjAAI","","","","a0z6g0000003Q7jAAE","","1.74","1.1","3","",""
"a0x6g0000003KJjAAM","","RGC-000005318","2020-01-24T21:56:41.000Z","0056g000003hlBjAAI","2020-01-24T21:56:41.000Z","0056g000003hlBjAAI","","","","a0z6g0000003Q7jAAE","","1.09","1.0","4","",""
"a0x6g0000003KJkAAM","","RGC-000005319","2020-01-24T21:56:41.000Z","0056g000003hlBjAAI","2020-01-24T21:56:41.000Z","0056g000003hlBjAAI","","","","a0z6g0000003Q7jAAE","","0.99","0.75","5","",""
"a0x6g0000003KJlAAM","","RGC-000005320","2020-01-24T21:56:41.000Z","0056g000003hlBjAAI","2020-01-24T21:56:41.000Z","0056g000003hlBjAAI","","","","a0z6g0000003Q7jAAE","","0.74","0.5","6","",""
"a0x6g0000003KJmAAM","","RGC-000005321","2020-01-24T21:56:41.000Z","0056g000003hlBjAAI","2020-01-24T21:56:41.000Z","0056g000003hlBjAAI","","","","a0z6g0000003Q7jAAE","","0.49","","7","",""
"a0x6g0000003KJnAAM","","RGC-000005322","2020-01-24T21:56:41.000Z","0056g000003hlBjAAI","2020-01-24T21:56:41.000Z","0056g000003hlBjAAI","","","","a0z6g0000003Q7kAAE","","","751.0","1","",""
"a0x6g0000003KJoAAM","","RGC-000005323","2020-01-24T21:56:41.000Z","0056g000003hlBjAAI","2020-01-24T21:56:41.000Z","0056g000003hlBjAAI","","","","a0z6g0000003Q7kAAE","","750.0","725.0","2","",""
"a0x6g0000003KJpAAM","","RGC-000005324","2020-01-24T21:56:41.000Z","0056g000003hlBjAAI","2020-01-24T21:56:41.000Z","0056g000003hlBjAAI","","","","a0z6g0000003Q7kAAE","","724.0","675.0","3","",""
"a0x6g0000003KJqAAM","","RGC-000005325","2020-01-24T21:56:41.000Z","0056g000003hlBjAAI","2020-01-24T21:56:41.000Z","0056g000003hlBjAAI","","","","a0z6g0000003Q7kAAE","","674.0","650.0","4","",""
"a0x6g0000003KJrAAM","","RGC-000005326","2020-01-24T21:56:41.000Z","0056g000003hlBjAAI","2020-01-24T21:56:41.000Z","0056g000003hlBjAAI","","","","a0z6g0000003Q7kAAE","","649.0","625.0","5","",""
"a0x6g0000003KJsAAM","","RGC-000005327","2020-01-24T21:56:41.000Z","0056g000003hlBjAAI","2020-01-24T21:56:41.000Z","0056g000003hlBjAAI","","","","a0z6g0000003Q7kAAE","","624.0","600.0","6","",""
"a0x6g0000003KJtAAM","","RGC-000005328","2020-01-24T21:56:41.000Z","0056g000003hlBjAAI","2020-01-24T21:56:41.000Z","0056g000003hlBjAAI","","","","a0z6g0000003Q7kAAE","","599.0","","7","",""
"a0x6g0000003KJuAAM","","RGC-000005329","2020-01-24T21:56:41.000Z","0056g000003hlBjAAI","2020-01-24T21:56:41.000Z","0056g000003hlBjAAI","","","","a0z6g0000003Q7lAAE","","","2.5","1","",""
"a0x6g0000003KJvAAM","","RGC-000005330","2020-01-24T21:56:41.000Z","0056g000003hlBjAAI","2020-01-24T21:56:41.000Z","0056g000003hlBjAAI","","","","a0z6g0000003Q7lAAE","","2.49","1.75","2","",""
"a0x6g0000003KJwAAM","","RGC-000005331","2020-01-24T21:56:41.000Z","0056g000003hlBjAAI","2020-01-24T21:56:41.000Z","0056g000003hlBjAAI","","","","a0z6g0000003Q7lAAE","","1.74","1.1","3","",""
"a0x6g0000003KJxAAM","","RGC-000005332","2020-01-24T21:56:41.000Z","0056g000003hlBjAAI","2020-01-24T21:56:41.000Z","0056g000003hlBjAAI","","","","a0z6g0000003Q7lAAE","","1.09","1.0","4","",""
"a0x6g0000003KJyAAM","","RGC-000005333","2020-01-24T21:56:41.000Z","0056g000003hlBjAAI","2020-01-24T21:56:41.000Z","0056g000003hlBjAAI","","","","a0z6g0000003Q7lAAE","","0.99","0.75","5","",""
"a0x6g0000003KJzAAM","","RGC-000005334","2020-01-24T21:56:41.000Z","0056g000003hlBjAAI","2020-01-24T21:56:41.000Z","0056g000003hlBjAAI","","","","a0z6g0000003Q7lAAE","","0.74","0.5","6","",""
"a0x6g0000003KK0AAM","","RGC-000005335","2020-01-24T21:56:41.000Z","0056g000003hlBjAAI","2020-01-24T21:56:41.000Z","0056g000003hlBjAAI","","","","a0z6g0000003Q7lAAE","","0.49","","7","",""
"a0x6g0000003KK1AAM","","RGC-000005336","2020-01-24T21:56:41.000Z","0056g000003hlBjAAI","2020-01-24T21:56:41.000Z","0056g000003hlBjAAI","","","","a0z6g0000003Q7mAAE","","","751.0","1","",""
"a0x6g0000003KK2AAM","","RGC-000005337","2020-01-24T21:56:41.000Z","0056g000003hlBjAAI","2020-01-24T21:56:41.000Z","0056g000003hlBjAAI","","","","a0z6g0000003Q7mAAE","","750.0","725.0","2","",""
"a0x6g0000003KK3AAM","","RGC-000005338","2020-01-24T21:56:41.000Z","0056g000003hlBjAAI","2020-01-24T21:56:41.000Z","0056g000003hlBjAAI","","","","a0z6g0000003Q7mAAE","","724.0","675.0","3","",""
"a0x6g0000003KK4AAM","","RGC-000005339","2020-01-24T21:56:41.000Z","0056g000003hlBjAAI","2020-01-24T21:56:41.000Z","0056g000003hlBjAAI","","","","a0z6g0000003Q7mAAE","","674.0","650.0","4","",""
"a0x6g0000003KK5AAM","","RGC-000005340","2020-01-24T21:56:41.000Z","0056g000003hlBjAAI","2020-01-24T21:56:41.000Z","0056g000003hlBjAAI","","","","a0z6g0000003Q7mAAE","","649.0","625.0","5","",""
"a0x6g0000003KK6AAM","","RGC-000005341","2020-01-24T21:56:41.000Z","0056g000003hlBjAAI","2020-01-24T21:56:41.000Z","0056g000003hlBjAAI","","","","a0z6g0000003Q7mAAE","","624.0","600.0","6","",""
"a0x6g0000003KK7AAM","","RGC-000005342","2020-01-24T21:56:41.000Z","0056g000003hlBjAAI","2020-01-24T21:56:41.000Z","0056g000003hlBjAAI","","","","a0z6g0000003Q7mAAE","","599.0","","7","",""
"a0x6g0000003KK8AAM","","RGC-000000000","2020-01-24T21:56:41.000Z","0056g000003hlBjAAI","2020-01-24T21:56:41.000Z","0056g000003hlBjAAI","","","","a0z6g0000003Q7rAAE","","","2.5","1","",""
"a0x6g0000003KK9AAM","","RGC-000000001","2020-01-24T21:56:41.000Z","0056g000003hlBjAAI","2020-01-24T21:56:41.000Z","0056g000003hlBjAAI","","","","a0z6g0000003Q7rAAE","","2.49","1.75","2","",""
"a0x6g0000003KKAAA2","","RGC-000000002","2020-01-24T21:56:41.000Z","0056g000003hlBjAAI","2020-01-24T21:56:41.000Z","0056g000003hlBjAAI","","","","a0z6g0000003Q7rAAE","","1.74","1.1","3","",""
"a0x6g0000003KKBAA2","","RGC-000000003","2020-01-24T21:56:41.000Z","0056g000003hlBjAAI","2020-01-24T21:56:41.000Z","0056g000003hlBjAAI","","","","a0z6g0000003Q7rAAE","","1.09","1.0","4","",""
"a0x6g0000003KKCAA2","","RGC-000000004","2020-01-24T21:56:41.000Z","0056g000003hlBjAAI","2020-01-24T21:56:41.000Z","0056g000003hlBjAAI","","","","a0z6g0000003Q7rAAE","","0.99","0.75","5","",""
"a0x6g0000003KKDAA2","","RGC-000000005","2020-01-24T21:56:41.000Z","0056g000003hlBjAAI","2020-01-24T21:56:41.000Z","0056g000003hlBjAAI","","","","a0z6g0000003Q7rAAE","","0.74","0.5","6","",""
"a0x6g0000003KKEAA2","","RGC-000000006","2020-01-24T21:56:41.000Z","0056g000003hlBjAAI","2020-01-24T21:56:41.000Z","0056g000003hlBjAAI","","","","a0z6g0000003Q7rAAE","","0.49","","7","",""
"a0x6g0000003KKFAA2","","RGC-000000007","2020-01-24T21:56:41.000Z","0056g000003hlBjAAI","2020-01-24T21:56:41.000Z","0056g000003hlBjAAI","","","","a0z6g0000003Q7sAAE","","","751.0","1","",""
"a0x6g0000003KKGAA2","","RGC-000000008","2020-01-24T21:56:41.000Z","0056g000003hlBjAAI","2020-01-24T21:56:41.000Z","0056g000003hlBjAAI","","","","a0z6g0000003Q7sAAE","","750.0","725.0","2","",""
"a0x6g0000003KKHAA2","","RGC-000000009","2020-01-24T21:56:41.000Z","0056g000003hlBjAAI","2020-01-24T21:56:41.000Z","0056g000003hlBjAAI","","","","a0z6g0000003Q7sAAE","","724.0","675.0","3","",""
"a0x6g0000003KKIAA2","","RGC-000000010","2020-01-24T21:56:41.000Z","0056g000003hlBjAAI","2020-01-24T21:56:41.000Z","0056g000003hlBjAAI","","","","a0z6g0000003Q7sAAE","","674.0","650.0","4","",""
"a0x6g0000003KKJAA2","","RGC-000000011","2020-01-24T21:56:41.000Z","0056g000003hlBjAAI","2020-01-24T21:56:41.000Z","0056g000003hlBjAAI","","","","a0z6g0000003Q7sAAE","","649.0","625.0","5","",""
"a0x6g0000003KKKAA2","","RGC-000000012","2020-01-24T21:56:41.000Z","0056g000003hlBjAAI","2020-01-24T21:56:41.000Z","0056g000003hlBjAAI","","","","a0z6g0000003Q7sAAE","","624.0","600.0","6","",""
"a0x6g0000003KKLAA2","","RGC-000000013","2020-01-24T21:56:41.000Z","0056g000003hlBjAAI","2020-01-24T21:56:41.000Z","0056g000003hlBjAAI","","","","a0z6g0000003Q7sAAE","","599.0","","7","",""
"a0x6g0000003KKMAA2","","RGC-000000014","2020-01-24T21:56:41.000Z","0056g000003hlBjAAI","2020-01-24T21:56:41.000Z","0056g000003hlBjAAI","","","","a0z6g0000003Q7tAAE","","","2.5","1","",""
"a0x6g0000003KKNAA2","","RGC-000000015","2020-01-24T21:56:41.000Z","0056g000003hlBjAAI","2020-01-24T21:56:41.000Z","0056g000003hlBjAAI","","","","a0z6g0000003Q7tAAE","","2.49","1.75","2","",""
"a0x6g0000003KKOAA2","","RGC-000000016","2020-01-24T21:56:41.000Z","0056g000003hlBjAAI","2020-01-24T21:56:41.000Z","0056g000003hlBjAAI","","","","a0z6g0000003Q7tAAE","","1.74","1.1","3","",""
"a0x6g0000003KKPAA2","","RGC-000000017","2020-01-24T21:56:41.000Z","0056g000003hlBjAAI","2020-01-24T21:56:41.000Z","0056g000003hlBjAAI","","","","a0z6g0000003Q7tAAE","","1.09","1.0","4","",""
"a0x6g0000003KKQAA2","","RGC-000000018","2020-01-24T21:56:41.000Z","0056g000003hlBjAAI","2020-01-24T21:56:41.000Z","0056g000003hlBjAAI","","","","a0z6g0000003Q7tAAE","","0.99","0.75","5","",""
"a0x6g0000003KKRAA2","","RGC-000000019","2020-01-24T21:56:41.000Z","0056g000003hlBjAAI","2020-01-24T21:56:41.000Z","0056g000003hlBjAAI","","","","a0z6g0000003Q7tAAE","","0.74","0.5","6","",""
"a0x6g0000003KKSAA2","","RGC-000000020","2020-01-24T21:56:41.000Z","0056g000003hlBjAAI","2020-01-24T21:56:41.000Z","0056g000003hlBjAAI","","","","a0z6g0000003Q7tAAE","","0.49","","7","",""
"a0x6g0000003KKTAA2","","RGC-000000021","2020-01-24T21:56:41.000Z","0056g000003hlBjAAI","2020-01-24T21:56:41.000Z","0056g000003hlBjAAI","","","","a0z6g0000003Q7uAAE","","","751.0","1","",""
"a0x6g0000003KKUAA2","","RGC-000000022","2020-01-24T21:56:41.000Z","0056g000003hlBjAAI","2020-01-24T21:56:41.000Z","0056g000003hlBjAAI","","","","a0z6g0000003Q7uAAE","","750.0","725.0","2","",""
"a0x6g0000003KKVAA2","","RGC-000000023","2020-01-24T21:56:41.000Z","0056g000003hlBjAAI","2020-01-24T21:56:41.000Z","0056g000003hlBjAAI","","","","a0z6g0000003Q7uAAE","","724.0","675.0","3","",""
"a0x6g0000003KKWAA2","","RGC-000000024","2020-01-24T21:56:41.000Z","0056g000003hlBjAAI","2020-01-24T21:56:41.000Z","0056g000003hlBjAAI","","","","a0z6g0000003Q7uAAE","","674.0","650.0","4","",""
"a0x6g0000003KKXAA2","","RGC-000000025","2020-01-24T21:56:41.000Z","0056g000003hlBjAAI","2020-01-24T21:56:41.000Z","0056g000003hlBjAAI","","","","a0z6g0000003Q7uAAE","","649.0","625.0","5","",""
"a0x6g0000003KKYAA2","","RGC-000000026","2020-01-24T21:56:41.000Z","0056g000003hlBjAAI","2020-01-24T21:56:41.000Z","0056g000003hlBjAAI","","","","a0z6g0000003Q7uAAE","","624.0","600.0","6","",""
"a0x6g0000003KKZAA2","","RGC-000000027","2020-01-24T21:56:41.000Z","0056g000003hlBjAAI","2020-01-24T21:56:41.000Z","0056g000003hlBjAAI","","","","a0z6g0000003Q7uAAE","","599.0","","7","",""
"a0x6g0000003KKaAAM","","RGC-000002170","2020-01-24T21:56:41.000Z","0056g000003hlBjAAI","2020-01-24T21:56:41.000Z","0056g000003hlBjAAI","","","","a0z6g0000003Q7vAAE","","","751.0","1","",""
"a0x6g0000003KKbAAM","","RGC-000002171","2020-01-24T21:56:41.000Z","0056g000003hlBjAAI","2020-01-24T21:56:41.000Z","0056g000003hlBjAAI","","","","a0z6g0000003Q7vAAE","","750.0","725.0","2","",""
"a0x6g0000003KKcAAM","","RGC-000002172","2020-01-24T21:56:41.000Z","0056g000003hlBjAAI","2020-01-24T21:56:41.000Z","0056g000003hlBjAAI","","","","a0z6g0000003Q7vAAE","","724.0","675.0","3","",""
"a0x6g0000003KKdAAM","","RGC-000002173","2020-01-24T21:56:41.000Z","0056g000003hlBjAAI","2020-01-24T21:56:41.000Z","0056g000003hlBjAAI","","","","a0z6g0000003Q7vAAE","","674.0","650.0","4","",""
"a0x6g0000003KKeAAM","","RGC-000002174","2020-01-24T21:56:41.000Z","0056g000003hlBjAAI","2020-01-24T21:56:41.000Z","0056g000003hlBjAAI","","","","a0z6g0000003Q7vAAE","","649.0","625.0","5","",""
"a0x6g0000003KKfAAM","","RGC-000002175","2020-01-24T21:56:41.000Z","0056g000003hlBjAAI","2020-01-24T21:56:41.000Z","0056g000003hlBjAAI","","","","a0z6g0000003Q7vAAE","","624.0","600.0","6","",""
"a0x6g0000003KKgAAM","","RGC-000002176","2020-01-24T21:56:41.000Z","0056g000003hlBjAAI","2020-01-24T21:56:41.000Z","0056g000003hlBjAAI","","","","a0z6g0000003Q7vAAE","","599.0","","7","",""
"a0x6g0000003KKhAAM","","RGC-000002177","2020-01-24T21:56:41.000Z","0056g000003hlBjAAI","2020-01-24T21:56:41.000Z","0056g000003hlBjAAI","","","","a0z6g0000003Q7wAAE","","","2.5","1","",""
"a0x6g0000003KKiAAM","","RGC-000002178","2020-01-24T21:56:41.000Z","0056g000003hlBjAAI","2020-01-24T21:56:41.000Z","0056g000003hlBjAAI","","","","a0z6g0000003Q7wAAE","","2.49","1.75","2","",""
"a0x6g0000003KKjAAM","","RGC-000002179","2020-01-24T21:56:41.000Z","0056g000003hlBjAAI","2020-01-24T21:56:41.000Z","0056g000003hlBjAAI","","","","a0z6g0000003Q7wAAE","","1.74","1.1","3","",""
"a0x6g0000003KKkAAM","","RGC-000002180","2020-01-24T21:56:41.000Z","0056g000003hlBjAAI","2020-01-24T21:56:41.000Z","0056g000003hlBjAAI","","","","a0z6g0000003Q7wAAE","","1.09","1.0","4","",""
"a0x6g0000003KKlAAM","","RGC-000002181","2020-01-24T21:56:41.000Z","0056g000003hlBjAAI","2020-01-24T21:56:41.000Z","0056g000003hlBjAAI","","","","a0z6g0000003Q7wAAE","","0.99","0.75","5","",""
"a0x6g0000003KKmAAM","","RGC-000002182","2020-01-24T21:56:41.000Z","0056g000003hlBjAAI","2020-01-24T21:56:41.000Z","0056g000003hlBjAAI","","","","a0z6g0000003Q7wAAE","","0.74","0.5","6","",""
"a0x6g0000003KKnAAM","","RGC-000002183","2020-01-24T21:56:41.000Z","0056g000003hlBjAAI","2020-01-24T21:56:41.000Z","0056g000003hlBjAAI","","","","a0z6g0000003Q7wAAE","","0.49","","7","",""
"a0x6g0000003KKoAAM","","RGC-000002216","2020-01-24T21:56:41.000Z","0056g000003hlBjAAI","2020-01-24T21:56:41.000Z","0056g000003hlBjAAI","","","","a0z6g0000003Q7xAAE","","","751.0","1","",""
"a0x6g0000003KKpAAM","","RGC-000002217","2020-01-24T21:56:41.000Z","0056g000003hlBjAAI","2020-01-24T21:56:41.000Z","0056g000003hlBjAAI","","","","a0z6g0000003Q7xAAE","","750.0","725.0","2","",""
"a0x6g0000003KKqAAM","","RGC-000002218","2020-01-24T21:56:41.000Z","0056g000003hlBjAAI","2020-01-24T21:56:41.000Z","0056g000003hlBjAAI","","","","a0z6g0000003Q7xAAE","","724.0","675.0","3","",""
"a0x6g0000003KKrAAM","","RGC-000002219","2020-01-24T21:56:41.000Z","0056g000003hlBjAAI","2020-01-24T21:56:41.000Z","0056g000003hlBjAAI","","","","a0z6g0000003Q7xAAE","","674.0","650.0","4","",""
"a0x6g0000003KKsAAM","","RGC-000002220","2020-01-24T21:56:41.000Z","0056g000003hlBjAAI","2020-01-24T21:56:41.000Z","0056g000003hlBjAAI","","","","a0z6g0000003Q7xAAE","","649.0","625.0","5","",""
"a0x6g0000003KKtAAM","","RGC-000002221","2020-01-24T21:56:41.000Z","0056g000003hlBjAAI","2020-01-24T21:56:41.000Z","0056g000003hlBjAAI","","","","a0z6g0000003Q7xAAE","","624.0","600.0","6","",""
"a0x6g0000003KKuAAM","","RGC-000002222","2020-01-24T21:56:41.000Z","0056g000003hlBjAAI","2020-01-24T21:56:41.000Z","0056g000003hlBjAAI","","","","a0z6g0000003Q7xAAE","","599.0","","7","",""
"a0x6g0000003KKvAAM","","RGC-000002223","2020-01-24T21:56:41.000Z","0056g000003hlBjAAI","2020-01-24T21:56:41.000Z","0056g000003hlBjAAI","","","","a0z6g0000003Q7yAAE","","","2.5","1","",""
"a0x6g0000003KKwAAM","","RGC-000002224","2020-01-24T21:56:41.000Z","0056g000003hlBjAAI","2020-01-24T21:56:41.000Z","0056g000003hlBjAAI","","","","a0z6g0000003Q7yAAE","","2.49","1.75","2","",""
"a0x6g0000003KKxAAM","","RGC-000002225","2020-01-24T21:56:41.000Z","0056g000003hlBjAAI","2020-01-24T21:56:41.000Z","0056g000003hlBjAAI","","","","a0z6g0000003Q7yAAE","","1.74","1.1","3","",""
"a0x6g0000003KKyAAM","","RGC-000002226","2020-01-24T21:56:41.000Z","0056g000003hlBjAAI","2020-01-24T21:56:41.000Z","0056g000003hlBjAAI","","","","a0z6g0000003Q7yAAE","","1.09","1.0","4","",""
"a0x6g0000003KKzAAM","","RGC-000002227","2020-01-24T21:56:41.000Z","0056g000003hlBjAAI","2020-01-24T21:56:41.000Z","0056g000003hlBjAAI","","","","a0z6g0000003Q7yAAE","","0.99","0.75","5","",""
"a0x6g0000003KL0AAM","","RGC-000002228","2020-01-24T21:56:41.000Z","0056g000003hlBjAAI","2020-01-24T21:56:41.000Z","0056g000003hlBjAAI","","","","a0z6g0000003Q7yAAE","","0.74","0.5","6","",""
"a0x6g0000003KL1AAM","","RGC-000002229","2020-01-24T21:56:41.000Z","0056g000003hlBjAAI","2020-01-24T21:56:41.000Z","0056g000003hlBjAAI","","","","a0z6g0000003Q7yAAE","","0.49","","7","",""
"a0x6g0000003KL2AAM","","RGC-000002230","2020-01-24T21:56:41.000Z","0056g000003hlBjAAI","2020-01-24T21:56:41.000Z","0056g000003hlBjAAI","","","","a0z6g0000003Q7zAAE","","","751.0","1","",""
"a0x6g0000003KL3AAM","","RGC-000002231","2020-01-24T21:56:41.000Z","0056g000003hlBjAAI","2020-01-24T21:56:41.000Z","0056g000003hlBjAAI","","","","a0z6g0000003Q7zAAE","","750.0","725.0","2","",""
"a0x6g0000003KL4AAM","","RGC-000002232","2020-01-24T21:56:41.000Z","0056g000003hlBjAAI","2020-01-24T21:56:41.000Z","0056g000003hlBjAAI","","","","a0z6g0000003Q7zAAE","","724.0","675.0","3","",""
"a0x6g0000003KL5AAM","","RGC-000002233","2020-01-24T21:56:41.000Z","0056g000003hlBjAAI","2020-01-24T21:56:41.000Z","0056g000003hlBjAAI","","","","a0z6g0000003Q7zAAE","","674.0","650.0","4","",""
"a0x6g0000003KL6AAM","","RGC-000002234","2020-01-24T21:56:41.000Z","0056g000003hlBjAAI","2020-01-24T21:56:41.000Z","0056g000003hlBjAAI","","","","a0z6g0000003Q7zAAE","","649.0","625.0","5","",""
"a0x6g0000003KL7AAM","","RGC-000002235","2020-01-24T21:56:41.000Z","0056g000003hlBjAAI","2020-01-24T21:56:41.000Z","0056g000003hlBjAAI","","","","a0z6g0000003Q7zAAE","","624.0","600.0","6","",""
"a0x6g0000003KL8AAM","","RGC-000002236","2020-01-24T21:56:41.000Z","0056g000003hlBjAAI","2020-01-24T21:56:41.000Z","0056g000003hlBjAAI","","","","a0z6g0000003Q7zAAE","","599.0","","7","",""
"a0x6g0000003KL9AAM","","RGC-000002237","2020-01-24T21:56:41.000Z","0056g000003hlBjAAI","2020-01-24T21:56:41.000Z","0056g000003hlBjAAI","","","","a0z6g0000003Q80AAE","","","2.5","1","",""
"a0x6g0000003KLAAA2","","RGC-000002238","2020-01-24T21:56:41.000Z","0056g000003hlBjAAI","2020-01-24T21:56:41.000Z","0056g000003hlBjAAI","","","","a0z6g0000003Q80AAE","","2.49","1.75","2","",""
"a0x6g0000003KLBAA2","","RGC-000002239","2020-01-24T21:56:41.000Z","0056g000003hlBjAAI","2020-01-24T21:56:41.000Z","0056g000003hlBjAAI","","","","a0z6g0000003Q80AAE","","1.74","1.1","3","",""
"a0x6g0000003KLCAA2","","RGC-000002240","2020-01-24T21:56:41.000Z","0056g000003hlBjAAI","2020-01-24T21:56:41.000Z","0056g000003hlBjAAI","","","","a0z6g0000003Q80AAE","","1.09","1.0","4","",""
"a0x6g0000003KLDAA2","","RGC-000002241","2020-01-24T21:56:41.000Z","0056g000003hlBjAAI","2020-01-24T21:56:41.000Z","0056g000003hlBjAAI","","","","a0z6g0000003Q80AAE","","0.99","0.75","5","",""
"a0x6g0000003KLEAA2","","RGC-000002242","2020-01-24T21:56:41.000Z","0056g000003hlBjAAI","2020-01-24T21:56:41.000Z","0056g000003hlBjAAI","","","","a0z6g0000003Q80AAE","","0.74","0.5","6","",""
"a0x6g0000003KLFAA2","","RGC-000002243","2020-01-24T21:56:41.000Z","0056g000003hlBjAAI","2020-01-24T21:56:41.000Z","0056g000003hlBjAAI","","","","a0z6g0000003Q80AAE","","0.49","","7","",""
"a0x6g0000003KLGAA2","","RGC-000002424","2020-01-24T21:56:41.000Z","0056g000003hlBjAAI","2020-01-24T21:56:41.000Z","0056g000003hlBjAAI","","","","a0z6g0000003Q81AAE","","","751.0","1","",""
"a0x6g0000003KLHAA2","","RGC-000002425","2020-01-24T21:56:41.000Z","0056g000003hlBjAAI","2020-01-24T21:56:41.000Z","0056g000003hlBjAAI","","","","a0z6g0000003Q81AAE","","750.0","725.0","2","",""
"a0x6g0000003KLIAA2","","RGC-000002426","2020-01-24T21:56:41.000Z","0056g000003hlBjAAI","2020-01-24T21:56:41.000Z","0056g000003hlBjAAI","","","","a0z6g0000003Q81AAE","","724.0","675.0","3","",""
"a0x6g0000003KLJAA2","","RGC-000002427","2020-01-24T21:56:41.000Z","0056g000003hlBjAAI","2020-01-24T21:56:41.000Z","0056g000003hlBjAAI","","","","a0z6g0000003Q81AAE","","674.0","650.0","4","",""
"a0x6g0000003KLKAA2","","RGC-000002428","2020-01-24T21:56:41.000Z","0056g000003hlBjAAI","2020-01-24T21:56:41.000Z","0056g000003hlBjAAI","","","","a0z6g0000003Q81AAE","","649.0","625.0","5","",""
"a0x6g0000003KLLAA2","","RGC-000002429","2020-01-24T21:56:41.000Z","0056g000003hlBjAAI","2020-01-24T21:56:41.000Z","0056g000003hlBjAAI","","","","a0z6g0000003Q81AAE","","624.0","600.0","6","",""
"a0x6g0000003KLMAA2","","RGC-000002430","2020-01-24T21:56:41.000Z","0056g000003hlBjAAI","2020-01-24T21:56:41.000Z","0056g000003hlBjAAI","","","","a0z6g0000003Q81AAE","","599.0","","7","",""
"a0x6g0000003KLNAA2","","RGC-000002431","2020-01-24T21:56:41.000Z","0056g000003hlBjAAI","2020-01-24T21:56:41.000Z","0056g000003hlBjAAI","","","","a0z6g0000003Q82AAE","","","2.5","1","",""
"a0x6g0000003KLOAA2","","RGC-000002432","2020-01-24T21:56:41.000Z","0056g000003hlBjAAI","2020-01-24T21:56:41.000Z","0056g000003hlBjAAI","","","","a0z6g0000003Q82AAE","","2.49","1.75","2","",""
"a0x6g0000003KLPAA2","","RGC-000002433","2020-01-24T21:56:41.000Z","0056g000003hlBjAAI","2020-01-24T21:56:41.000Z","0056g000003hlBjAAI","","","","a0z6g0000003Q82AAE","","1.74","1.1","3","",""
"a0x6g0000003KLQAA2","","RGC-000002434","2020-01-24T21:56:41.000Z","0056g000003hlBjAAI","2020-01-24T21:56:41.000Z","0056g000003hlBjAAI","","","","a0z6g0000003Q82AAE","","1.09","1.0","4","",""
"a0x6g0000003KLRAA2","","RGC-000002435","2020-01-24T21:56:41.000Z","0056g000003hlBjAAI","2020-01-24T21:56:41.000Z","0056g000003hlBjAAI","","","","a0z6g0000003Q82AAE","","0.99","0.75","5","",""
"a0x6g0000003KLSAA2","","RGC-000002436","2020-01-24T21:56:41.000Z","0056g000003hlBjAAI","2020-01-24T21:56:41.000Z","0056g000003hlBjAAI","","","","a0z6g0000003Q82AAE","","0.74","0.5","6","",""
"a0x6g0000003KLTAA2","","RGC-000002437","2020-01-24T21:56:41.000Z","0056g000003hlBjAAI","2020-01-24T21:56:41.000Z","0056g000003hlBjAAI","","","","a0z6g0000003Q82AAE","","0.49","","7","",""
"a0x6g0000003KLUAA2","","RGC-000004941","2020-01-24T21:56:41.000Z","0056g000003hlBjAAI","2020-01-24T21:56:41.000Z","0056g000003hlBjAAI","","","","a0z6g0000003Q84AAE","Very Good","","","1","",""
"a0x6g0000003KLVAA2","","RGC-000004942","2020-01-24T21:56:41.000Z","0056g000003hlBjAAI","2020-01-24T21:56:41.000Z","0056g000003hlBjAAI","","","","a0z6g0000003Q84AAE","Good","","","2","",""
"a0x6g0000003KLWAA2","","RGC-000004943","2020-01-24T21:56:41.000Z","0056g000003hlBjAAI","2020-01-24T21:56:41.000Z","0056g000003hlBjAAI","","","","a0z6g0000003Q84AAE","Average","","","3","",""
"a0x6g0000003KLXAA2","","RGC-000004944","2020-01-24T21:56:41.000Z","0056g000003hlBjAAI","2020-01-24T21:56:41.000Z","0056g000003hlBjAAI","","","","a0z6g0000003Q84AAE","Poor","","","4","",""
"a0x6g0000003KLYAA2","","RGC-000004945","2020-01-24T21:56:41.000Z","0056g000003hlBjAAI","2020-01-24T21:56:41.000Z","0056g000003hlBjAAI","","","","a0z6g0000003Q84AAE","Very Poor","","","5","",""
"a0x6g0000003KLZAA2","","RGC-000004946","2020-01-24T21:56:41.000Z","0056g000003hlBjAAI","2020-01-24T21:56:41.000Z","0056g000003hlBjAAI","","","","a0z6g0000003Q84AAE","Exception","","","6","",""
"a0x6g0000003KLaAAM","","RGC-000004947","2020-01-24T21:56:41.000Z","0056g000003hlBjAAI","2020-01-24T21:56:41.000Z","0056g000003hlBjAAI","","","","a0z6g0000003Q84AAE","N/A","","","7","",""
"a0x6g0000003KLbAAM","","RGC-000004948","2020-01-24T21:56:41.000Z","0056g000003hlBjAAI","2020-01-24T21:56:41.000Z","0056g000003hlBjAAI","","","","a0z6g0000003Q85AAE","","","11.0","1","",""
"a0x6g0000003KLcAAM","","RGC-000004949","2020-01-24T21:56:41.000Z","0056g000003hlBjAAI","2020-01-24T21:56:41.000Z","0056g000003hlBjAAI","","","","a0z6g0000003Q85AAE","","10.0","9.0","2","",""
"a0x6g0000003KLdAAM","","RGC-000004950","2020-01-24T21:56:41.000Z","0056g000003hlBjAAI","2020-01-24T21:56:41.000Z","0056g000003hlBjAAI","","","","a0z6g0000003Q85AAE","","8.0","7.0","3","",""
"a0x6g0000003KLeAAM","","RGC-000004951","2020-01-24T21:56:41.000Z","0056g000003hlBjAAI","2020-01-24T21:56:41.000Z","0056g000003hlBjAAI","","","","a0z6g0000003Q85AAE","","6.0","5.0","4","",""
"a0x6g0000003KLfAAM","","RGC-000004952","2020-01-24T21:56:41.000Z","0056g000003hlBjAAI","2020-01-24T21:56:41.000Z","0056g000003hlBjAAI","","","","a0z6g0000003Q85AAE","","4.0","3.0","5","",""
"a0x6g0000003KLgAAM","","RGC-000004953","2020-01-24T21:56:41.000Z","0056g000003hlBjAAI","2020-01-24T21:56:41.000Z","0056g000003hlBjAAI","","","","a0z6g0000003Q85AAE","","2.0","1.0","6","",""
"a0x6g0000003KLhAAM","","RGC-000004954","2020-01-24T21:56:41.000Z","0056g000003hlBjAAI","2020-01-24T21:56:41.000Z","0056g000003hlBjAAI","","","","a0z6g0000003Q85AAE","","0.0","","7","",""
"a0x6g0000003KLiAAM","","RGC-000004955","2020-01-24T21:56:41.000Z","0056g000003hlBjAAI","2020-01-24T21:56:41.000Z","0056g000003hlBjAAI","","","","a0z6g0000003Q86AAE","","10.0","0.0","1","",""
"a0x6g0000003KLjAAM","","RGC-000004956","2020-01-24T21:56:41.000Z","0056g000003hlBjAAI","2020-01-24T21:56:41.000Z","0056g000003hlBjAAI","","","","a0z6g0000003Q86AAE","","20.0","10.01","2","",""
"a0x6g0000003KLkAAM","","RGC-000004957","2020-01-24T21:56:41.000Z","0056g000003hlBjAAI","2020-01-24T21:56:41.000Z","0056g000003hlBjAAI","","","","a0z6g0000003Q86AAE","","50.0","30.01","4","",""
"a0x6g0000003KLlAAM","","RGC-000004958","2020-01-24T21:56:41.000Z","0056g000003hlBjAAI","2020-01-24T21:56:41.000Z","0056g000003hlBjAAI","","","","a0z6g0000003Q86AAE","","70.0","50.01","5","",""
"a0x6g0000003KLmAAM","","RGC-000004959","2020-01-24T21:56:41.000Z","0056g000003hlBjAAI","2020-01-24T21:56:41.000Z","0056g000003hlBjAAI","","","","a0z6g0000003Q86AAE","","80.0","70.01","6","",""
"a0x6g0000003KLnAAM","","RGC-000004960","2020-01-24T21:56:41.000Z","0056g000003hlBjAAI","2020-01-24T21:56:41.000Z","0056g000003hlBjAAI","","","","a0z6g0000003Q86AAE","","100.0","80.01","7","",""
"a0x6g0000003KLoAAM","","RGC-000004961","2020-01-24T21:56:41.000Z","0056g000003hlBjAAI","2020-01-24T21:56:41.000Z","0056g000003hlBjAAI","","","","a0z6g0000003Q87AAE","","","2.5","1","",""
"a0x6g0000003KLpAAM","","RGC-000004962","2020-01-24T21:56:41.000Z","0056g000003hlBjAAI","2020-01-24T21:56:41.000Z","0056g000003hlBjAAI","","","","a0z6g0000003Q87AAE","","2.49","1.75","2","",""
"a0x6g0000003KLqAAM","","RGC-000004963","2020-01-24T21:56:41.000Z","0056g000003hlBjAAI","2020-01-24T21:56:41.000Z","0056g000003hlBjAAI","","","","a0z6g0000003Q87AAE","","1.74","1.1","3","",""
"a0x6g0000003KLrAAM","","RGC-000004964","2020-01-24T21:56:41.000Z","0056g000003hlBjAAI","2020-01-24T21:56:41.000Z","0056g000003hlBjAAI","","","","a0z6g0000003Q87AAE","","1.09","1.0","4","",""
"a0x6g0000003KLsAAM","","RGC-000004965","2020-01-24T21:56:41.000Z","0056g000003hlBjAAI","2020-01-24T21:56:41.000Z","0056g000003hlBjAAI","","","","a0z6g0000003Q87AAE","","0.99","0.75","5","",""
"a0x6g0000003KLtAAM","","RGC-000004966","2020-01-24T21:56:41.000Z","0056g000003hlBjAAI","2020-01-24T21:56:41.000Z","0056g000003hlBjAAI","","","","a0z6g0000003Q87AAE","","0.74","0.5","6","",""
"a0x6g0000003KLuAAM","","RGC-000004967","2020-01-24T21:56:41.000Z","0056g000003hlBjAAI","2020-01-24T21:56:41.000Z","0056g000003hlBjAAI","","","","a0z6g0000003Q87AAE","","0.49","","7","",""
"a0x6g0000003KLvAAM","","RGC-000004968","2020-01-24T21:56:41.000Z","0056g000003hlBjAAI","2020-01-24T21:56:41.000Z","0056g000003hlBjAAI","","","","a0z6g0000003Q88AAE","Inventory Supply Decline","","","2","",""
"a0x6g0000003KLwAAM","","RGC-000004969","2020-01-24T21:56:41.000Z","0056g000003hlBjAAI","2020-01-24T21:56:41.000Z","0056g000003hlBjAAI","","","","a0z6g0000003Q88AAE","Inventory Supply Stable","","","4","",""
"a0x6g0000003KLxAAM","","RGC-000004970","2020-01-24T21:56:41.000Z","0056g000003hlBjAAI","2020-01-24T21:56:41.000Z","0056g000003hlBjAAI","","","","a0z6g0000003Q88AAE","Abundant Inventory","","","7","",""
"a0x6g0000003KLyAAM","","RGC-000004971","2020-01-24T21:56:41.000Z","0056g000003hlBjAAI","2020-01-24T21:56:41.000Z","0056g000003hlBjAAI","","","","a0z6g0000003Q89AAE","","","2.5","1","",""
"a0x6g0000003KLzAAM","","RGC-000004972","2020-01-24T21:56:41.000Z","0056g000003hlBjAAI","2020-01-24T21:56:41.000Z","0056g000003hlBjAAI","","","","a0z6g0000003Q89AAE","","2.79","1.75","2","",""
"a0x6g0000003KM0AAM","","RGC-000004973","2020-01-24T21:56:41.000Z","0056g000003hlBjAAI","2020-01-24T21:56:41.000Z","0056g000003hlBjAAI","","","","a0z6g0000003Q89AAE","","1.74","1.25","3","",""
"a0x6g0000003KM1AAM","","RGC-000004974","2020-01-24T21:56:41.000Z","0056g000003hlBjAAI","2020-01-24T21:56:41.000Z","0056g000003hlBjAAI","","","","a0z6g0000003Q89AAE","","1.24","1.1","4","",""
"a0x6g0000003KM2AAM","","RGC-000004975","2020-01-24T21:56:41.000Z","0056g000003hlBjAAI","2020-01-24T21:56:41.000Z","0056g000003hlBjAAI","","","","a0z6g0000003Q89AAE","","1.09","1.0","5","",""
"a0x6g0000003KM3AAM","","RGC-000004976","2020-01-24T21:56:41.000Z","0056g000003hlBjAAI","2020-01-24T21:56:41.000Z","0056g000003hlBjAAI","","","","a0z6g0000003Q89AAE","","0.99","0.75","6","",""
"a0x6g0000003KM4AAM","","RGC-000004977","2020-01-24T21:56:41.000Z","0056g000003hlBjAAI","2020-01-24T21:56:41.000Z","0056g000003hlBjAAI","","","","a0z6g0000003Q89AAE","","0.74","","7","",""
"a0x6g0000003KM5AAM","","RGC-000004978","2020-01-24T21:56:41.000Z","0056g000003hlBjAAI","2020-01-24T21:56:41.000Z","0056g000003hlBjAAI","","","","a0z6g0000003Q8AAAU","","","751.0","1","",""
"a0x6g0000003KM6AAM","","RGC-000004979","2020-01-24T21:56:41.000Z","0056g000003hlBjAAI","2020-01-24T21:56:41.000Z","0056g000003hlBjAAI","","","","a0z6g0000003Q8AAAU","","750.0","725.0","2","",""
"a0x6g0000003KM7AAM","","RGC-000004980","2020-01-24T21:56:41.000Z","0056g000003hlBjAAI","2020-01-24T21:56:41.000Z","0056g000003hlBjAAI","","","","a0z6g0000003Q8AAAU","","724.0","675.0","3","",""
"a0x6g0000003KM8AAM","","RGC-000004981","2020-01-24T21:56:41.000Z","0056g000003hlBjAAI","2020-01-24T21:56:41.000Z","0056g000003hlBjAAI","","","","a0z6g0000003Q8AAAU","","674.0","650.0","4","",""
"a0x6g0000003KM9AAM","","RGC-000004982","2020-01-24T21:56:41.000Z","0056g000003hlBjAAI","2020-01-24T21:56:41.000Z","0056g000003hlBjAAI","","","","a0z6g0000003Q8AAAU","","649.0","625.0","5","",""
"a0x6g0000003KMAAA2","","RGC-000004983","2020-01-24T21:56:41.000Z","0056g000003hlBjAAI","2020-01-24T21:56:41.000Z","0056g000003hlBjAAI","","","","a0z6g0000003Q8AAAU","","624.0","600.0","6","",""
"a0x6g0000003KMBAA2","","RGC-000004984","2020-01-24T21:56:41.000Z","0056g000003hlBjAAI","2020-01-24T21:56:41.000Z","0056g000003hlBjAAI","","","","a0z6g0000003Q8AAAU","","599.0","","7","",""
"a0x6g0000003KMCAA2","","RGC-000005027","2020-01-24T21:56:41.000Z","0056g000003hlBjAAI","2020-01-24T21:56:41.000Z","0056g000003hlBjAAI","","","","a0z6g0000003Q8BAAU","","","11.0","1","",""
"a0x6g0000003KMDAA2","","RGC-000005028","2020-01-24T21:56:41.000Z","0056g000003hlBjAAI","2020-01-24T21:56:41.000Z","0056g000003hlBjAAI","","","","a0z6g0000003Q8BAAU","","10.0","9.0","2","",""
"a0x6g0000003KMEAA2","","RGC-000005029","2020-01-24T21:56:41.000Z","0056g000003hlBjAAI","2020-01-24T21:56:41.000Z","0056g000003hlBjAAI","","","","a0z6g0000003Q8BAAU","","8.0","7.0","3","",""
"a0x6g0000003KMFAA2","","RGC-000005030","2020-01-24T21:56:41.000Z","0056g000003hlBjAAI","2020-01-24T21:56:41.000Z","0056g000003hlBjAAI","","","","a0z6g0000003Q8BAAU","","6.0","5.0","4","",""
"a0x6g0000003KMGAA2","","RGC-000005031","2020-01-24T21:56:41.000Z","0056g000003hlBjAAI","2020-01-24T21:56:41.000Z","0056g000003hlBjAAI","","","","a0z6g0000003Q8BAAU","","4.0","3.0","5","",""
"a0x6g0000003KMHAA2","","RGC-000005032","2020-01-24T21:56:41.000Z","0056g000003hlBjAAI","2020-01-24T21:56:41.000Z","0056g000003hlBjAAI","","","","a0z6g0000003Q8BAAU","","2.0","1.0","6","",""
"a0x6g0000003KMIAA2","","RGC-000005033","2020-01-24T21:56:41.000Z","0056g000003hlBjAAI","2020-01-24T21:56:41.000Z","0056g000003hlBjAAI","","","","a0z6g0000003Q8BAAU","","0.0","","7","",""
"a0x6g0000003KMJAA2","","RGC-000005034","2020-01-24T21:56:41.000Z","0056g000003hlBjAAI","2020-01-24T21:56:41.000Z","0056g000003hlBjAAI","","","","a0z6g0000003Q8CAAU","Very Good","","","1","",""
"a0x6g0000003KMKAA2","","RGC-000005035","2020-01-24T21:56:41.000Z","0056g000003hlBjAAI","2020-01-24T21:56:41.000Z","0056g000003hlBjAAI","","","","a0z6g0000003Q8CAAU","Good","","","2","",""
"a0x6g0000003KMLAA2","","RGC-000005036","2020-01-24T21:56:41.000Z","0056g000003hlBjAAI","2020-01-24T21:56:41.000Z","0056g000003hlBjAAI","","","","a0z6g0000003Q8CAAU","Average","","","3","",""
"a0x6g0000003KMMAA2","","RGC-000005037","2020-01-24T21:56:41.000Z","0056g000003hlBjAAI","2020-01-24T21:56:41.000Z","0056g000003hlBjAAI","","","","a0z6g0000003Q8CAAU","Poor","","","4","",""
"a0x6g0000003KMNAA2","","RGC-000005038","2020-01-24T21:56:41.000Z","0056g000003hlBjAAI","2020-01-24T21:56:41.000Z","0056g000003hlBjAAI","","","","a0z6g0000003Q8CAAU","Very Poor","","","5","",""
"a0x6g0000003KMOAA2","","RGC-000005039","2020-01-24T21:56:41.000Z","0056g000003hlBjAAI","2020-01-24T21:56:41.000Z","0056g000003hlBjAAI","","","","a0z6g0000003Q8CAAU","Exception","","","6","",""
"a0x6g0000003KMPAA2","","RGC-000005040","2020-01-24T21:56:41.000Z","0056g000003hlBjAAI","2020-01-24T21:56:41.000Z","0056g000003hlBjAAI","","","","a0z6g0000003Q8CAAU","N/A","","","7","",""
"a0x6g0000003KMQAA2","","RGC-000005041","2020-01-24T21:56:41.000Z","0056g000003hlBjAAI","2020-01-24T21:56:41.000Z","0056g000003hlBjAAI","","","","a0z6g0000003Q8DAAU","","","751.0","1","",""
"a0x6g0000003KMRAA2","","RGC-000005042","2020-01-24T21:56:41.000Z","0056g000003hlBjAAI","2020-01-24T21:56:41.000Z","0056g000003hlBjAAI","","","","a0z6g0000003Q8DAAU","","750.0","725.0","2","",""
"a0x6g0000003KMSAA2","","RGC-000005043","2020-01-24T21:56:41.000Z","0056g000003hlBjAAI","2020-01-24T21:56:41.000Z","0056g000003hlBjAAI","","","","a0z6g0000003Q8DAAU","","724.0","675.0","3","",""
"a0x6g0000003KMTAA2","","RGC-000005044","2020-01-24T21:56:41.000Z","0056g000003hlBjAAI","2020-01-24T21:56:41.000Z","0056g000003hlBjAAI","","","","a0z6g0000003Q8DAAU","","674.0","650.0","4","",""
"a0x6g0000003KMUAA2","","RGC-000005045","2020-01-24T21:56:41.000Z","0056g000003hlBjAAI","2020-01-24T21:56:41.000Z","0056g000003hlBjAAI","","","","a0z6g0000003Q8DAAU","","649.0","625.0","5","",""
"a0x6g0000003KMVAA2","","RGC-000005046","2020-01-24T21:56:41.000Z","0056g000003hlBjAAI","2020-01-24T21:56:41.000Z","0056g000003hlBjAAI","","","","a0z6g0000003Q8DAAU","","624.0","600.0","6","",""
"a0x6g0000003KMWAA2","","RGC-000005047","2020-01-24T21:56:41.000Z","0056g000003hlBjAAI","2020-01-24T21:56:41.000Z","0056g000003hlBjAAI","","","","a0z6g0000003Q8DAAU","","599.0","","7","",""
"a0x6g0000003KMXAA2","","RGC-000005048","2020-01-24T21:56:41.000Z","0056g000003hlBjAAI","2020-01-24T21:56:41.000Z","0056g000003hlBjAAI","","","","a0z6g0000003Q8EAAU","","","2.5","1","",""
"a0x6g0000003KMYAA2","","RGC-000005049","2020-01-24T21:56:41.000Z","0056g000003hlBjAAI","2020-01-24T21:56:41.000Z","0056g000003hlBjAAI","","","","a0z6g0000003Q8EAAU","","2.49","1.75","2","",""
"a0x6g0000003KMZAA2","","RGC-000005050","2020-01-24T21:56:41.000Z","0056g000003hlBjAAI","2020-01-24T21:56:41.000Z","0056g000003hlBjAAI","","","","a0z6g0000003Q8EAAU","","1.74","1.1","3","",""
"a0x6g0000003KMaAAM","","RGC-000005051","2020-01-24T21:56:41.000Z","0056g000003hlBjAAI","2020-01-24T21:56:41.000Z","0056g000003hlBjAAI","","","","a0z6g0000003Q8EAAU","","1.09","1.0","4","",""
"a0x6g0000003KMbAAM","","RGC-000005052","2020-01-24T21:56:41.000Z","0056g000003hlBjAAI","2020-01-24T21:56:41.000Z","0056g000003hlBjAAI","","","","a0z6g0000003Q8EAAU","","0.99","0.75","5","",""
"a0x6g0000003KMcAAM","","RGC-000005053","2020-01-24T21:56:41.000Z","0056g000003hlBjAAI","2020-01-24T21:56:41.000Z","0056g000003hlBjAAI","","","","a0z6g0000003Q8EAAU","","0.74","0.5","6","",""
"a0x6g0000003KMdAAM","","RGC-000005054","2020-01-24T21:56:41.000Z","0056g000003hlBjAAI","2020-01-24T21:56:41.000Z","0056g000003hlBjAAI","","","","a0z6g0000003Q8EAAU","","0.49","","7","",""
"a0x6g0000003KMeAAM","","RGC-000005055","2020-01-24T21:56:41.000Z","0056g000003hlBjAAI","2020-01-24T21:56:41.000Z","0056g000003hlBjAAI","","","","a0z6g0000003Q8FAAU","Inventory Supply Decline","","","2","",""
"a0x6g0000003KMfAAM","","RGC-000005056","2020-01-24T21:56:41.000Z","0056g000003hlBjAAI","2020-01-24T21:56:41.000Z","0056g000003hlBjAAI","","","","a0z6g0000003Q8FAAU","Inventory Supply Stable","","","4","",""
"a0x6g0000003KMgAAM","","RGC-000005057","2020-01-24T21:56:41.000Z","0056g000003hlBjAAI","2020-01-24T21:56:41.000Z","0056g000003hlBjAAI","","","","a0z6g0000003Q8FAAU","Abundant Inventory","","","7","",""
"a0x6g0000003KMhAAM","","RGC-000005058","2020-01-24T21:56:41.000Z","0056g000003hlBjAAI","2020-01-24T21:56:41.000Z","0056g000003hlBjAAI","","","","a0z6g0000003Q8GAAU","","10.0","0.0","1","",""
"a0x6g0000003KMiAAM","","RGC-000005059","2020-01-24T21:56:41.000Z","0056g000003hlBjAAI","2020-01-24T21:56:41.000Z","0056g000003hlBjAAI","","","","a0z6g0000003Q8GAAU","","20.0","10.01","2","",""
"a0x6g0000003KMjAAM","","RGC-000005060","2020-01-24T21:56:41.000Z","0056g000003hlBjAAI","2020-01-24T21:56:41.000Z","0056g000003hlBjAAI","","","","a0z6g0000003Q8GAAU","","50.0","30.01","4","",""
"a0x6g0000003KMkAAM","","RGC-000005061","2020-01-24T21:56:41.000Z","0056g000003hlBjAAI","2020-01-24T21:56:41.000Z","0056g000003hlBjAAI","","","","a0z6g0000003Q8GAAU","","70.0","50.01","5","",""
"a0x6g0000003KMlAAM","","RGC-000005062","2020-01-24T21:56:41.000Z","0056g000003hlBjAAI","2020-01-24T21:56:41.000Z","0056g000003hlBjAAI","","","","a0z6g0000003Q8GAAU","","80.0","70.01","6","",""
"a0x6g0000003KMmAAM","","RGC-000005063","2020-01-24T21:56:41.000Z","0056g000003hlBjAAI","2020-01-24T21:56:41.000Z","0056g000003hlBjAAI","","","","a0z6g0000003Q8GAAU","","100.0","80.01","7","",""
"a0x6g0000003KMnAAM","","RGC-000005064","2020-01-24T21:56:41.000Z","0056g000003hlBjAAI","2020-01-24T21:56:41.000Z","0056g000003hlBjAAI","","","","a0z6g0000003Q8HAAU","","","2.5","1","",""
"a0x6g0000003KMoAAM","","RGC-000005065","2020-01-24T21:56:41.000Z","0056g000003hlBjAAI","2020-01-24T21:56:41.000Z","0056g000003hlBjAAI","","","","a0z6g0000003Q8HAAU","","2.79","1.75","2","",""
"a0x6g0000003KMpAAM","","RGC-000005066","2020-01-24T21:56:41.000Z","0056g000003hlBjAAI","2020-01-24T21:56:41.000Z","0056g000003hlBjAAI","","","","a0z6g0000003Q8HAAU","","1.74","1.25","3","",""
"a0x6g0000003KMqAAM","","RGC-000005067","2020-01-24T21:56:41.000Z","0056g000003hlBjAAI","2020-01-24T21:56:41.000Z","0056g000003hlBjAAI","","","","a0z6g0000003Q8HAAU","","1.24","1.1","4","",""
"a0x6g0000003KMrAAM","","RGC-000005068","2020-01-24T21:56:41.000Z","0056g000003hlBjAAI","2020-01-24T21:56:41.000Z","0056g000003hlBjAAI","","","","a0z6g0000003Q8HAAU","","1.09","1.0","5","",""
"a0x6g0000003KMsAAM","","RGC-000005069","2020-01-24T21:56:41.000Z","0056g000003hlBjAAI","2020-01-24T21:56:41.000Z","0056g000003hlBjAAI","","","","a0z6g0000003Q8HAAU","","0.99","0.75","6","",""
"a0x6g0000003KMtAAM","","RGC-000005070","2020-01-24T21:56:41.000Z","0056g000003hlBjAAI","2020-01-24T21:56:41.000Z","0056g000003hlBjAAI","","","","a0z6g0000003Q8HAAU","","0.74","","7","",""
"a0x6g0000003KMuAAM","","RGC-000005071","2020-01-24T21:56:41.000Z","0056g000003hlBjAAI","2020-01-24T21:56:41.000Z","0056g000003hlBjAAI","","","","a0z6g0000003Q8IAAU","","","11.0","1","",""
"a0x6g0000003KMvAAM","","RGC-000005072","2020-01-24T21:56:41.000Z","0056g000003hlBjAAI","2020-01-24T21:56:41.000Z","0056g000003hlBjAAI","","","","a0z6g0000003Q8IAAU","","10.0","9.0","2","",""
"a0x6g0000003KMwAAM","","RGC-000005073","2020-01-24T21:56:41.000Z","0056g000003hlBjAAI","2020-01-24T21:56:41.000Z","0056g000003hlBjAAI","","","","a0z6g0000003Q8IAAU","","8.0","7.0","3","",""
"a0x6g0000003KMxAAM","","RGC-000005074","2020-01-24T21:56:41.000Z","0056g000003hlBjAAI","2020-01-24T21:56:41.000Z","0056g000003hlBjAAI","","","","a0z6g0000003Q8IAAU","","6.0","5.0","4","",""
"a0x6g0000003KMyAAM","","RGC-000005075","2020-01-24T21:56:41.000Z","0056g000003hlBjAAI","2020-01-24T21:56:41.000Z","0056g000003hlBjAAI","","","","a0z6g0000003Q8IAAU","","4.0","3.0","5","",""
"a0x6g0000003KMzAAM","","RGC-000005076","2020-01-24T21:56:41.000Z","0056g000003hlBjAAI","2020-01-24T21:56:41.000Z","0056g000003hlBjAAI","","","","a0z6g0000003Q8IAAU","","2.0","1.0","6","",""
"a0x6g0000003KN0AAM","","RGC-000005077","2020-01-24T21:56:41.000Z","0056g000003hlBjAAI","2020-01-24T21:56:41.000Z","0056g000003hlBjAAI","","","","a0z6g0000003Q8IAAU","","0.0","","7","",""
"a0x6g0000003KN1AAM","","RGC-000005078","2020-01-24T21:56:41.000Z","0056g000003hlBjAAI","2020-01-24T21:56:41.000Z","0056g000003hlBjAAI","","","","a0z6g0000003Q8JAAU","Very Good","","","1","",""
"a0x6g0000003KN2AAM","","RGC-000005079","2020-01-24T21:56:41.000Z","0056g000003hlBjAAI","2020-01-24T21:56:41.000Z","0056g000003hlBjAAI","","","","a0z6g0000003Q8JAAU","Good","","","2","",""
"a0x6g0000003KN3AAM","","RGC-000005080","2020-01-24T21:56:41.000Z","0056g000003hlBjAAI","2020-01-24T21:56:41.000Z","0056g000003hlBjAAI","","","","a0z6g0000003Q8JAAU","Average","","","3","",""
"a0x6g0000003KN4AAM","","RGC-000005081","2020-01-24T21:56:41.000Z","0056g000003hlBjAAI","2020-01-24T21:56:41.000Z","0056g000003hlBjAAI","","","","a0z6g0000003Q8JAAU","Poor","","","4","",""
"a0x6g0000003KN5AAM","","RGC-000005082","2020-01-24T21:56:41.000Z","0056g000003hlBjAAI","2020-01-24T21:56:41.000Z","0056g000003hlBjAAI","","","","a0z6g0000003Q8JAAU","Very Poor","","","5","",""
"a0x6g0000003KN6AAM","","RGC-000005083","2020-01-24T21:56:41.000Z","0056g000003hlBjAAI","2020-01-24T21:56:41.000Z","0056g000003hlBjAAI","","","","a0z6g0000003Q8JAAU","Exception","","","6","",""
"a0x6g0000003KN7AAM","","RGC-000005084","2020-01-24T21:56:41.000Z","0056g000003hlBjAAI","2020-01-24T21:56:41.000Z","0056g000003hlBjAAI","","","","a0z6g0000003Q8JAAU","N/A","","","7","",""
"a0x6g0000003KN8AAM","","RGC-000005085","2020-01-24T21:56:41.000Z","0056g000003hlBjAAI","2020-01-24T21:56:41.000Z","0056g000003hlBjAAI","","","","a0z6g0000003Q8KAAU","","","751.0","1","",""
"a0x6g0000003KN9AAM","","RGC-000005086","2020-01-24T21:56:41.000Z","0056g000003hlBjAAI","2020-01-24T21:56:41.000Z","0056g000003hlBjAAI","","","","a0z6g0000003Q8KAAU","","750.0","725.0","2","",""
"a0x6g0000003KNAAA2","","RGC-000005087","2020-01-24T21:56:41.000Z","0056g000003hlBjAAI","2020-01-24T21:56:41.000Z","0056g000003hlBjAAI","","","","a0z6g0000003Q8KAAU","","724.0","675.0","3","",""
"a0x6g0000003KNBAA2","","RGC-000005088","2020-01-24T21:56:41.000Z","0056g000003hlBjAAI","2020-01-24T21:56:41.000Z","0056g000003hlBjAAI","","","","a0z6g0000003Q8KAAU","","674.0","650.0","4","",""
"a0x6g0000003KNCAA2","","RGC-000005089","2020-01-24T21:56:41.000Z","0056g000003hlBjAAI","2020-01-24T21:56:41.000Z","0056g000003hlBjAAI","","","","a0z6g0000003Q8KAAU","","649.0","625.0","5","",""
"a0x6g0000003KNDAA2","","RGC-000005090","2020-01-24T21:56:41.000Z","0056g000003hlBjAAI","2020-01-24T21:56:41.000Z","0056g000003hlBjAAI","","","","a0z6g0000003Q8KAAU","","624.0","600.0","6","",""
"a0x6g0000003KNEAA2","","RGC-000005091","2020-01-24T21:56:41.000Z","0056g000003hlBjAAI","2020-01-24T21:56:41.000Z","0056g000003hlBjAAI","","","","a0z6g0000003Q8KAAU","","599.0","","7","",""
"a0x6g0000003KNFAA2","","RGC-000005092","2020-01-24T21:56:41.000Z","0056g000003hlBjAAI","2020-01-24T21:56:41.000Z","0056g000003hlBjAAI","","","","a0z6g0000003Q8LAAU","","","2.5","1","",""
"a0x6g0000003KNGAA2","","RGC-000005093","2020-01-24T21:56:41.000Z","0056g000003hlBjAAI","2020-01-24T21:56:41.000Z","0056g000003hlBjAAI","","","","a0z6g0000003Q8LAAU","","2.49","1.75","2","",""
"a0x6g0000003KNHAA2","","RGC-000005094","2020-01-24T21:56:41.000Z","0056g000003hlBjAAI","2020-01-24T21:56:41.000Z","0056g000003hlBjAAI","","","","a0z6g0000003Q8LAAU","","1.74","1.1","3","",""
"a0x6g0000003KNIAA2","","RGC-000005095","2020-01-24T21:56:41.000Z","0056g000003hlBjAAI","2020-01-24T21:56:41.000Z","0056g000003hlBjAAI","","","","a0z6g0000003Q8LAAU","","1.09","1.0","4","",""
"a0x6g0000003KNJAA2","","RGC-000005096","2020-01-24T21:56:41.000Z","0056g000003hlBjAAI","2020-01-24T21:56:41.000Z","0056g000003hlBjAAI","","","","a0z6g0000003Q8LAAU","","0.99","0.75","5","",""
"a0x6g0000003KNKAA2","","RGC-000005097","2020-01-24T21:56:41.000Z","0056g000003hlBjAAI","2020-01-24T21:56:41.000Z","0056g000003hlBjAAI","","","","a0z6g0000003Q8LAAU","","0.74","0.5","6","",""
"a0x6g0000003KNLAA2","","RGC-000005098","2020-01-24T21:56:41.000Z","0056g000003hlBjAAI","2020-01-24T21:56:41.000Z","0056g000003hlBjAAI","","","","a0z6g0000003Q8LAAU","","0.49","","7","",""
"a0x6g0000003KNMAA2","","RGC-000005099","2020-01-24T21:56:41.000Z","0056g000003hlBjAAI","2020-01-24T21:56:41.000Z","0056g000003hlBjAAI","","","","a0z6g0000003Q8MAAU","Inventory Supply Decline","","","2","",""
"a0x6g0000003KNNAA2","","RGC-000005100","2020-01-24T21:56:41.000Z","0056g000003hlBjAAI","2020-01-24T21:56:41.000Z","0056g000003hlBjAAI","","","","a0z6g0000003Q8MAAU","Inventory Supply Stable","","","4","",""
"a0x6g0000003KNOAA2","","RGC-000005101","2020-01-24T21:56:41.000Z","0056g000003hlBjAAI","2020-01-24T21:56:41.000Z","0056g000003hlBjAAI","","","","a0z6g0000003Q8MAAU","Abundant Inventory","","","7","",""
"a0x6g0000003KNPAA2","","RGC-000005102","2020-01-24T21:56:41.000Z","0056g000003hlBjAAI","2020-01-24T21:56:41.000Z","0056g000003hlBjAAI","","","","a0z6g0000003Q8NAAU","","10.0","0.0","1","",""
"a0x6g0000003KNQAA2","","RGC-000005103","2020-01-24T21:56:41.000Z","0056g000003hlBjAAI","2020-01-24T21:56:41.000Z","0056g000003hlBjAAI","","","","a0z6g0000003Q8NAAU","","20.0","10.01","2","",""
"a0x6g0000003KNRAA2","","RGC-000005104","2020-01-24T21:56:41.000Z","0056g000003hlBjAAI","2020-01-24T21:56:41.000Z","0056g000003hlBjAAI","","","","a0z6g0000003Q8NAAU","","50.0","30.01","4","",""
"a0x6g0000003KNSAA2","","RGC-000005105","2020-01-24T21:56:41.000Z","0056g000003hlBjAAI","2020-01-24T21:56:41.000Z","0056g000003hlBjAAI","","","","a0z6g0000003Q8NAAU","","70.0","50.01","5","",""
"a0x6g0000003KNTAA2","","RGC-000005106","2020-01-24T21:56:41.000Z","0056g000003hlBjAAI","2020-01-24T21:56:41.000Z","0056g000003hlBjAAI","","","","a0z6g0000003Q8NAAU","","80.0","70.01","6","",""
"a0x6g0000003KNUAA2","","RGC-000005107","2020-01-24T21:56:41.000Z","0056g000003hlBjAAI","2020-01-24T21:56:41.000Z","0056g000003hlBjAAI","","","","a0z6g0000003Q8NAAU","","100.0","80.01","7","",""
"a0x6g0000003KNVAA2","","RGC-000005108","2020-01-24T21:56:41.000Z","0056g000003hlBjAAI","2020-01-24T21:56:41.000Z","0056g000003hlBjAAI","","","","a0z6g0000003Q8OAAU","","","2.5","1","",""
"a0x6g0000003KNWAA2","","RGC-000005109","2020-01-24T21:56:41.000Z","0056g000003hlBjAAI","2020-01-24T21:56:41.000Z","0056g000003hlBjAAI","","","","a0z6g0000003Q8OAAU","","2.79","1.75","2","",""
"a0x6g0000003KNXAA2","","RGC-000005110","2020-01-24T21:56:41.000Z","0056g000003hlBjAAI","2020-01-24T21:56:41.000Z","0056g000003hlBjAAI","","","","a0z6g0000003Q8OAAU","","1.74","1.25","3","",""
"a0x6g0000003KNYAA2","","RGC-000005111","2020-01-24T21:56:41.000Z","0056g000003hlBjAAI","2020-01-24T21:56:41.000Z","0056g000003hlBjAAI","","","","a0z6g0000003Q8OAAU","","1.24","1.1","4","",""
"a0x6g0000003KNZAA2","","RGC-000005112","2020-01-24T21:56:41.000Z","0056g000003hlBjAAI","2020-01-24T21:56:41.000Z","0056g000003hlBjAAI","","","","a0z6g0000003Q8OAAU","","1.09","1.0","5","",""
"a0x6g0000003KNaAAM","","RGC-000005113","2020-01-24T21:56:41.000Z","0056g000003hlBjAAI","2020-01-24T21:56:41.000Z","0056g000003hlBjAAI","","","","a0z6g0000003Q8OAAU","","0.99","0.75","6","",""
"a0x6g0000003KNbAAM","","RGC-000005114","2020-01-24T21:56:41.000Z","0056g000003hlBjAAI","2020-01-24T21:56:41.000Z","0056g000003hlBjAAI","","","","a0z6g0000003Q8OAAU","","0.74","","7","",""
"a0x6g0000003KNcAAM","","RGC-000004934","2020-01-24T21:56:41.000Z","0056g000003hlBjAAI","2020-01-24T21:56:41.000Z","0056g000003hlBjAAI","","","","a0z6g0000003Q83AAE","","","2.5","1","",""
"a0x6g0000003KNdAAM","","RGC-000004935","2020-01-24T21:56:41.000Z","0056g000003hlBjAAI","2020-01-24T21:56:41.000Z","0056g000003hlBjAAI","","","","a0z6g0000003Q83AAE","","2.49","1.75","2","",""
"a0x6g0000003KNeAAM","","RGC-000004936","2020-01-24T21:56:41.000Z","0056g000003hlBjAAI","2020-01-24T21:56:41.000Z","0056g000003hlBjAAI","","","","a0z6g0000003Q83AAE","","1.74","1.1","3","",""
"a0x6g0000003KNfAAM","","RGC-000004937","2020-01-24T21:56:41.000Z","0056g000003hlBjAAI","2020-01-24T21:56:41.000Z","0056g000003hlBjAAI","","","","a0z6g0000003Q83AAE","","1.09","1.0","4","",""
"a0x6g0000003KNgAAM","","RGC-000004938","2020-01-24T21:56:41.000Z","0056g000003hlBjAAI","2020-01-24T21:56:41.000Z","0056g000003hlBjAAI","","","","a0z6g0000003Q83AAE","","0.99","0.75","5","",""
"a0x6g0000003KNhAAM","","RGC-000004939","2020-01-24T21:56:41.000Z","0056g000003hlBjAAI","2020-01-24T21:56:41.000Z","0056g000003hlBjAAI","","","","a0z6g0000003Q83AAE","","0.74","0.5","6","",""
"a0x6g0000003KNiAAM","","RGC-000004940","2020-01-24T21:56:41.000Z","0056g000003hlBjAAI","2020-01-24T21:56:41.000Z","0056g000003hlBjAAI","","","","a0z6g0000003Q83AAE","","0.49","","7","",""
"a0x6g0000003KNjAAM","","RGC-000005115","2020-01-24T21:56:41.000Z","0056g000003hlBjAAI","2020-01-24T21:56:41.000Z","0056g000003hlBjAAI","","","","a0z6g0000003Q8PAAU","","","2.5","1","",""
"a0x6g0000003KNkAAM","","RGC-000005116","2020-01-24T21:56:41.000Z","0056g000003hlBjAAI","2020-01-24T21:56:41.000Z","0056g000003hlBjAAI","","","","a0z6g0000003Q8PAAU","","2.49","1.75","2","",""
"a0x6g0000003KNlAAM","","RGC-000005117","2020-01-24T21:56:41.000Z","0056g000003hlBjAAI","2020-01-24T21:56:41.000Z","0056g000003hlBjAAI","","","","a0z6g0000003Q8PAAU","","1.74","1.1","3","",""
"a0x6g0000003KNmAAM","","RGC-000005118","2020-01-24T21:56:41.000Z","0056g000003hlBjAAI","2020-01-24T21:56:41.000Z","0056g000003hlBjAAI","","","","a0z6g0000003Q8PAAU","","1.09","1.0","4","",""
"a0x6g0000003KNnAAM","","RGC-000005119","2020-01-24T21:56:41.000Z","0056g000003hlBjAAI","2020-01-24T21:56:41.000Z","0056g000003hlBjAAI","","","","a0z6g0000003Q8PAAU","","0.99","0.75","5","",""
"a0x6g0000003KNoAAM","","RGC-000005120","2020-01-24T21:56:41.000Z","0056g000003hlBjAAI","2020-01-24T21:56:41.000Z","0056g000003hlBjAAI","","","","a0z6g0000003Q8PAAU","","0.74","0.5","6","",""
"a0x6g0000003KNpAAM","","RGC-000005121","2020-01-24T21:56:41.000Z","0056g000003hlBjAAI","2020-01-24T21:56:41.000Z","0056g000003hlBjAAI","","","","a0z6g0000003Q8PAAU","","0.49","","7","",""
"a0x6g0000003KNqAAM","","RGC-000005122","2020-01-24T21:56:41.000Z","0056g000003hlBjAAI","2020-01-24T21:56:41.000Z","0056g000003hlBjAAI","","","","a0z6g0000003Q8QAAU","","","751.0","1","",""
"a0x6g0000003KNrAAM","","RGC-000005123","2020-01-24T21:56:41.000Z","0056g000003hlBjAAI","2020-01-24T21:56:41.000Z","0056g000003hlBjAAI","","","","a0z6g0000003Q8QAAU","","750.0","725.0","2","",""
"a0x6g0000003KNsAAM","","RGC-000005124","2020-01-24T21:56:41.000Z","0056g000003hlBjAAI","2020-01-24T21:56:41.000Z","0056g000003hlBjAAI","","","","a0z6g0000003Q8QAAU","","724.0","675.0","3","",""
"a0x6g0000003KNtAAM","","RGC-000005125","2020-01-24T21:56:41.000Z","0056g000003hlBjAAI","2020-01-24T21:56:41.000Z","0056g000003hlBjAAI","","","","a0z6g0000003Q8QAAU","","674.0","650.0","4","",""
"a0x6g0000003KNuAAM","","RGC-000005126","2020-01-24T21:56:41.000Z","0056g000003hlBjAAI","2020-01-24T21:56:41.000Z","0056g000003hlBjAAI","","","","a0z6g0000003Q8QAAU","","649.0","625.0","5","",""
"a0x6g0000003KNvAAM","","RGC-000005127","2020-01-24T21:56:41.000Z","0056g000003hlBjAAI","2020-01-24T21:56:41.000Z","0056g000003hlBjAAI","","","","a0z6g0000003Q8QAAU","","624.0","600.0","6","",""
"a0x6g0000003KNwAAM","","RGC-000005128","2020-01-24T21:56:41.000Z","0056g000003hlBjAAI","2020-01-24T21:56:41.000Z","0056g000003hlBjAAI","","","","a0z6g0000003Q8QAAU","","599.0","","7","",""
